waktu_utc,http_halaman,http_data,latensi_ms,data_dibuat
2026-09-29T11:10:52Z,200,200,140,2026-09-29T18:07:05+07:00
2026-09-29T16:54:59Z,200,200,117,2026-09-29T19:19:43+07:00
2026-09-29T21:26:28Z,200,200,84,2026-09-29T19:19:43+07:00
2026-09-30T01:20:04Z,200,200,79,2026-09-29T19:19:43+07:00
2026-09-30T06:51:01Z,200,200,50,2026-09-29T19:19:43+07:00
2026-09-30T13:51:54Z,200,200,249,2026-09-30T17:46:08+07:00
2026-09-30T19:27:30Z,200,200,152,2026-09-30T23:48:41+07:00
2026-09-30T23:56:17Z,200,200,110,2026-09-30T23:48:41+07:00
2026-10-01T06:06:59Z,200,200,171,2026-10-01T07:06:52+07:00
2026-10-01T13:29:31Z,200,200,192,2026-10-01T18:13:04+07:00
2026-10-01T19:36:42Z,200,200,141,2026-10-02T01:59:35+07:00
2026-10-01T23:56:48Z,200,200,112,2026-10-02T03:38:35+07:00
2026-10-02T05:49:38Z,200,200,121,2026-10-02T12:03:24+07:00
2026-10-02T12:48:10Z,200,200,143,2026-10-02T18:22:57+07:00
