tanggal,kode_wilayah,indikator,nilai,satuan,kode_varian,kode_sumber
2026-01-01,1708,curah_hujan_mm,15.2,mm,,BD-CUACA
2026-01-01,1708,suhu_rata_c,21.8,C,,BD-CUACA
2026-01-01,1709,curah_hujan_mm,30.5,mm,,BD-CUACA
2026-01-01,1709,suhu_rata_c,24.7,C,,BD-CUACA
2026-01-01,1771,curah_hujan_mm,49.8,mm,,BD-CUACA
2026-01-01,1771,suhu_rata_c,25.8,C,,BD-CUACA
2026-01-02,1708,curah_hujan_mm,33.7,mm,,BD-CUACA
2026-01-02,1708,suhu_rata_c,20.6,C,,BD-CUACA
2026-01-02,1709,curah_hujan_mm,37.5,mm,,BD-CUACA
2026-01-02,1709,suhu_rata_c,23.3,C,,BD-CUACA
2026-01-02,1771,curah_hujan_mm,58.0,mm,,BD-CUACA
2026-01-02,1771,suhu_rata_c,24.2,C,,BD-CUACA
2026-01-03,1708,curah_hujan_mm,6.0,mm,,BD-CUACA
2026-01-03,1708,suhu_rata_c,20.7,C,,BD-CUACA
2026-01-03,1709,curah_hujan_mm,7.5,mm,,BD-CUACA
2026-01-03,1709,suhu_rata_c,23.4,C,,BD-CUACA
2026-01-03,1771,curah_hujan_mm,15.1,mm,,BD-CUACA
2026-01-03,1771,suhu_rata_c,24.8,C,,BD-CUACA
2026-01-04,1708,curah_hujan_mm,0.4,mm,,BD-CUACA
2026-01-04,1708,suhu_rata_c,22.9,C,,BD-CUACA
2026-01-04,1709,curah_hujan_mm,0.0,mm,,BD-CUACA
2026-01-04,1709,suhu_rata_c,26.4,C,,BD-CUACA
2026-01-04,1771,curah_hujan_mm,0.0,mm,,BD-CUACA
2026-01-04,1771,suhu_rata_c,27.2,C,,BD-CUACA
2026-01-05,1708,curah_hujan_mm,0.0,mm,,BD-CUACA
2026-01-05,1708,suhu_rata_c,23.6,C,,BD-CUACA
2026-01-05,1709,curah_hujan_mm,0.0,mm,,BD-CUACA
2026-01-05,1709,suhu_rata_c,27.2,C,,BD-CUACA
2026-01-05,1771,curah_hujan_mm,0.0,mm,,BD-CUACA
2026-01-05,1771,suhu_rata_c,27.8,C,,BD-CUACA
2026-01-06,1708,curah_hujan_mm,2.7,mm,,BD-CUACA
2026-01-06,1708,suhu_rata_c,23.2,C,,BD-CUACA
2026-01-06,1709,curah_hujan_mm,0.7,mm,,BD-CUACA
2026-01-06,1709,suhu_rata_c,26.7,C,,BD-CUACA
2026-01-06,1771,curah_hujan_mm,2.7,mm,,BD-CUACA
2026-01-06,1771,suhu_rata_c,27.9,C,,BD-CUACA
2026-01-07,1708,curah_hujan_mm,9.3,mm,,BD-CUACA
2026-01-07,1708,suhu_rata_c,22.7,C,,BD-CUACA
2026-01-07,1709,curah_hujan_mm,3.9,mm,,BD-CUACA
2026-01-07,1709,suhu_rata_c,26.3,C,,BD-CUACA
2026-01-07,1771,curah_hujan_mm,4.5,mm,,BD-CUACA
2026-01-07,1771,suhu_rata_c,27.3,C,,BD-CUACA
2026-01-08,1708,curah_hujan_mm,11.1,mm,,BD-CUACA
2026-01-08,1708,suhu_rata_c,21.9,C,,BD-CUACA
2026-01-08,1709,curah_hujan_mm,13.5,mm,,BD-CUACA
2026-01-08,1709,suhu_rata_c,25.1,C,,BD-CUACA
2026-01-08,1771,curah_hujan_mm,10.2,mm,,BD-CUACA
2026-01-08,1771,suhu_rata_c,26.4,C,,BD-CUACA
2026-01-09,1708,curah_hujan_mm,37.9,mm,,BD-CUACA
2026-01-09,1708,suhu_rata_c,21.2,C,,BD-CUACA
2026-01-09,1709,curah_hujan_mm,16.4,mm,,BD-CUACA
2026-01-09,1709,suhu_rata_c,24.2,C,,BD-CUACA
2026-01-09,1771,curah_hujan_mm,12.8,mm,,BD-CUACA
2026-01-09,1771,suhu_rata_c,25.5,C,,BD-CUACA
2026-01-10,1708,curah_hujan_mm,12.4,mm,,BD-CUACA
2026-01-10,1708,suhu_rata_c,21.7,C,,BD-CUACA
2026-01-10,1709,curah_hujan_mm,18.2,mm,,BD-CUACA
2026-01-10,1709,suhu_rata_c,25.0,C,,BD-CUACA
2026-01-10,1771,curah_hujan_mm,7.2,mm,,BD-CUACA
2026-01-10,1771,suhu_rata_c,25.8,C,,BD-CUACA
2026-01-11,1708,curah_hujan_mm,8.9,mm,,BD-CUACA
2026-01-11,1708,suhu_rata_c,22.4,C,,BD-CUACA
2026-01-11,1709,curah_hujan_mm,10.1,mm,,BD-CUACA
2026-01-11,1709,suhu_rata_c,25.9,C,,BD-CUACA
2026-01-11,1771,curah_hujan_mm,13.0,mm,,BD-CUACA
2026-01-11,1771,suhu_rata_c,26.9,C,,BD-CUACA
2026-01-12,1708,curah_hujan_mm,4.5,mm,,BD-CUACA
2026-01-12,1708,suhu_rata_c,22.0,C,,BD-CUACA
2026-01-12,1709,curah_hujan_mm,7.6,mm,,BD-CUACA
2026-01-12,1709,suhu_rata_c,25.0,C,,BD-CUACA
2026-01-12,1771,curah_hujan_mm,2.0,mm,,BD-CUACA
2026-01-12,1771,suhu_rata_c,26.7,C,,BD-CUACA
2026-01-13,1708,curah_hujan_mm,1.9,mm,,BD-CUACA
2026-01-13,1708,suhu_rata_c,21.8,C,,BD-CUACA
2026-01-13,1709,curah_hujan_mm,3.1,mm,,BD-CUACA
2026-01-13,1709,suhu_rata_c,25.1,C,,BD-CUACA
2026-01-13,1771,curah_hujan_mm,3.8,mm,,BD-CUACA
2026-01-13,1771,suhu_rata_c,26.4,C,,BD-CUACA
2026-01-14,1708,curah_hujan_mm,10.4,mm,,BD-CUACA
2026-01-14,1708,suhu_rata_c,20.9,C,,BD-CUACA
2026-01-14,1709,curah_hujan_mm,15.4,mm,,BD-CUACA
2026-01-14,1709,suhu_rata_c,24.2,C,,BD-CUACA
2026-01-14,1771,curah_hujan_mm,7.6,mm,,BD-CUACA
2026-01-14,1771,suhu_rata_c,25.3,C,,BD-CUACA
2026-01-15,1708,curah_hujan_mm,3.3,mm,,BD-CUACA
2026-01-15,1708,suhu_rata_c,22.1,C,,BD-CUACA
2026-01-15,1709,curah_hujan_mm,0.3,mm,,BD-CUACA
2026-01-15,1709,suhu_rata_c,25.6,C,,BD-CUACA
2026-01-15,1771,curah_hujan_mm,2.2,mm,,BD-CUACA
2026-01-15,1771,suhu_rata_c,26.3,C,,BD-CUACA
2026-01-16,1708,curah_hujan_mm,9.1,mm,,BD-CUACA
2026-01-16,1708,suhu_rata_c,21.6,C,,BD-CUACA
2026-01-16,1709,curah_hujan_mm,18.9,mm,,BD-CUACA
2026-01-16,1709,suhu_rata_c,25.0,C,,BD-CUACA
2026-01-16,1771,curah_hujan_mm,8.4,mm,,BD-CUACA
2026-01-16,1771,suhu_rata_c,26.3,C,,BD-CUACA
2026-01-17,1708,curah_hujan_mm,18.8,mm,,BD-CUACA
2026-01-17,1708,suhu_rata_c,21.3,C,,BD-CUACA
2026-01-17,1709,curah_hujan_mm,31.3,mm,,BD-CUACA
2026-01-17,1709,suhu_rata_c,24.2,C,,BD-CUACA
2026-01-17,1771,curah_hujan_mm,36.3,mm,,BD-CUACA
2026-01-17,1771,suhu_rata_c,25.5,C,,BD-CUACA
2026-01-18,1708,curah_hujan_mm,15.4,mm,,BD-CUACA
2026-01-18,1708,suhu_rata_c,22.1,C,,BD-CUACA
2026-01-18,1709,curah_hujan_mm,2.5,mm,,BD-CUACA
2026-01-18,1709,suhu_rata_c,25.8,C,,BD-CUACA
2026-01-18,1771,curah_hujan_mm,7.1,mm,,BD-CUACA
2026-01-18,1771,suhu_rata_c,26.9,C,,BD-CUACA
2026-01-19,1708,curah_hujan_mm,3.1,mm,,BD-CUACA
2026-01-19,1708,suhu_rata_c,21.2,C,,BD-CUACA
2026-01-19,1709,curah_hujan_mm,7.9,mm,,BD-CUACA
2026-01-19,1709,suhu_rata_c,24.2,C,,BD-CUACA
2026-01-19,1771,curah_hujan_mm,5.8,mm,,BD-CUACA
2026-01-19,1771,suhu_rata_c,26.0,C,,BD-CUACA
2026-01-20,1708,curah_hujan_mm,8.0,mm,,BD-CUACA
2026-01-20,1708,suhu_rata_c,21.8,C,,BD-CUACA
2026-01-20,1709,curah_hujan_mm,24.2,mm,,BD-CUACA
2026-01-20,1709,suhu_rata_c,25.1,C,,BD-CUACA
2026-01-20,1771,curah_hujan_mm,18.2,mm,,BD-CUACA
2026-01-20,1771,suhu_rata_c,26.5,C,,BD-CUACA
2026-01-21,1708,curah_hujan_mm,4.4,mm,,BD-CUACA
2026-01-21,1708,suhu_rata_c,21.3,C,,BD-CUACA
2026-01-21,1709,curah_hujan_mm,10.8,mm,,BD-CUACA
2026-01-21,1709,suhu_rata_c,24.6,C,,BD-CUACA
2026-01-21,1771,curah_hujan_mm,9.2,mm,,BD-CUACA
2026-01-21,1771,suhu_rata_c,25.6,C,,BD-CUACA
2026-01-22,1708,curah_hujan_mm,2.4,mm,,BD-CUACA
2026-01-22,1708,suhu_rata_c,21.7,C,,BD-CUACA
2026-01-22,1709,curah_hujan_mm,18.4,mm,,BD-CUACA
2026-01-22,1709,suhu_rata_c,24.5,C,,BD-CUACA
2026-01-22,1771,curah_hujan_mm,4.1,mm,,BD-CUACA
2026-01-22,1771,suhu_rata_c,26.2,C,,BD-CUACA
2026-01-23,1708,curah_hujan_mm,0.4,mm,,BD-CUACA
2026-01-23,1708,suhu_rata_c,21.8,C,,BD-CUACA
2026-01-23,1709,curah_hujan_mm,0.5,mm,,BD-CUACA
2026-01-23,1709,suhu_rata_c,24.9,C,,BD-CUACA
2026-01-23,1771,curah_hujan_mm,1.9,mm,,BD-CUACA
2026-01-23,1771,suhu_rata_c,26.4,C,,BD-CUACA
2026-01-24,1708,curah_hujan_mm,1.0,mm,,BD-CUACA
2026-01-24,1708,suhu_rata_c,22.8,C,,BD-CUACA
2026-01-24,1709,curah_hujan_mm,0.1,mm,,BD-CUACA
2026-01-24,1709,suhu_rata_c,26.2,C,,BD-CUACA
2026-01-24,1771,curah_hujan_mm,0.1,mm,,BD-CUACA
2026-01-24,1771,suhu_rata_c,27.2,C,,BD-CUACA
2026-01-25,1708,curah_hujan_mm,2.0,mm,,BD-CUACA
2026-01-25,1708,suhu_rata_c,22.8,C,,BD-CUACA
2026-01-25,1709,curah_hujan_mm,1.4,mm,,BD-CUACA
2026-01-25,1709,suhu_rata_c,25.9,C,,BD-CUACA
2026-01-25,1771,curah_hujan_mm,0.0,mm,,BD-CUACA
2026-01-25,1771,suhu_rata_c,27.0,C,,BD-CUACA
2026-01-26,1708,curah_hujan_mm,2.7,mm,,BD-CUACA
2026-01-26,1708,suhu_rata_c,23.2,C,,BD-CUACA
2026-01-26,1709,curah_hujan_mm,0.1,mm,,BD-CUACA
2026-01-26,1709,suhu_rata_c,26.5,C,,BD-CUACA
2026-01-26,1771,curah_hujan_mm,0.0,mm,,BD-CUACA
2026-01-26,1771,suhu_rata_c,27.4,C,,BD-CUACA
2026-01-27,1708,curah_hujan_mm,6.4,mm,,BD-CUACA
2026-01-27,1708,suhu_rata_c,22.5,C,,BD-CUACA
2026-01-27,1709,curah_hujan_mm,12.9,mm,,BD-CUACA
2026-01-27,1709,suhu_rata_c,25.6,C,,BD-CUACA
2026-01-27,1771,curah_hujan_mm,2.2,mm,,BD-CUACA
2026-01-27,1771,suhu_rata_c,27.2,C,,BD-CUACA
2026-01-28,1708,curah_hujan_mm,17.9,mm,,BD-CUACA
2026-01-28,1708,suhu_rata_c,21.5,C,,BD-CUACA
2026-01-28,1709,curah_hujan_mm,18.4,mm,,BD-CUACA
2026-01-28,1709,suhu_rata_c,24.9,C,,BD-CUACA
2026-01-28,1771,curah_hujan_mm,20.0,mm,,BD-CUACA
2026-01-28,1771,suhu_rata_c,26.1,C,,BD-CUACA
2026-01-29,1708,curah_hujan_mm,14.7,mm,,BD-CUACA
2026-01-29,1708,suhu_rata_c,21.5,C,,BD-CUACA
2026-01-29,1709,curah_hujan_mm,10.2,mm,,BD-CUACA
2026-01-29,1709,suhu_rata_c,24.8,C,,BD-CUACA
2026-01-29,1771,curah_hujan_mm,17.4,mm,,BD-CUACA
2026-01-29,1771,suhu_rata_c,26.1,C,,BD-CUACA
2026-01-30,1708,curah_hujan_mm,5.8,mm,,BD-CUACA
2026-01-30,1708,suhu_rata_c,22.4,C,,BD-CUACA
2026-01-30,1709,curah_hujan_mm,11.2,mm,,BD-CUACA
2026-01-30,1709,suhu_rata_c,25.2,C,,BD-CUACA
2026-01-30,1771,curah_hujan_mm,6.3,mm,,BD-CUACA
2026-01-30,1771,suhu_rata_c,26.2,C,,BD-CUACA
2026-01-31,1708,curah_hujan_mm,21.7,mm,,BD-CUACA
2026-01-31,1708,suhu_rata_c,21.8,C,,BD-CUACA
2026-01-31,1709,curah_hujan_mm,14.4,mm,,BD-CUACA
2026-01-31,1709,suhu_rata_c,24.8,C,,BD-CUACA
2026-01-31,1771,curah_hujan_mm,14.2,mm,,BD-CUACA
2026-01-31,1771,suhu_rata_c,26.0,C,,BD-CUACA
2026-02-01,1708,curah_hujan_mm,9.7,mm,,BD-CUACA
2026-02-01,1708,suhu_rata_c,21.1,C,,BD-CUACA
2026-02-01,1709,curah_hujan_mm,11.9,mm,,BD-CUACA
2026-02-01,1709,suhu_rata_c,24.3,C,,BD-CUACA
2026-02-01,1771,curah_hujan_mm,24.0,mm,,BD-CUACA
2026-02-01,1771,suhu_rata_c,25.0,C,,BD-CUACA
2026-02-02,1708,curah_hujan_mm,18.9,mm,,BD-CUACA
2026-02-02,1708,suhu_rata_c,21.1,C,,BD-CUACA
2026-02-02,1709,curah_hujan_mm,35.2,mm,,BD-CUACA
2026-02-02,1709,suhu_rata_c,24.0,C,,BD-CUACA
2026-02-02,1771,curah_hujan_mm,14.0,mm,,BD-CUACA
2026-02-02,1771,suhu_rata_c,25.2,C,,BD-CUACA
2026-02-03,1708,curah_hujan_mm,10.8,mm,,BD-CUACA
2026-02-03,1708,suhu_rata_c,21.6,C,,BD-CUACA
2026-02-03,1709,curah_hujan_mm,25.6,mm,,BD-CUACA
2026-02-03,1709,suhu_rata_c,24.4,C,,BD-CUACA
2026-02-03,1771,curah_hujan_mm,13.3,mm,,BD-CUACA
2026-02-03,1771,suhu_rata_c,25.6,C,,BD-CUACA
2026-02-04,1708,curah_hujan_mm,2.1,mm,,BD-CUACA
2026-02-04,1708,suhu_rata_c,22.0,C,,BD-CUACA
2026-02-04,1709,curah_hujan_mm,3.3,mm,,BD-CUACA
2026-02-04,1709,suhu_rata_c,25.2,C,,BD-CUACA
2026-02-04,1771,curah_hujan_mm,0.9,mm,,BD-CUACA
2026-02-04,1771,suhu_rata_c,26.7,C,,BD-CUACA
2026-02-05,1708,curah_hujan_mm,2.6,mm,,BD-CUACA
2026-02-05,1708,suhu_rata_c,22.9,C,,BD-CUACA
2026-02-05,1709,curah_hujan_mm,7.5,mm,,BD-CUACA
2026-02-05,1709,suhu_rata_c,26.0,C,,BD-CUACA
2026-02-05,1771,curah_hujan_mm,0.7,mm,,BD-CUACA
2026-02-05,1771,suhu_rata_c,27.7,C,,BD-CUACA
2026-02-06,1708,curah_hujan_mm,3.8,mm,,BD-CUACA
2026-02-06,1708,suhu_rata_c,22.0,C,,BD-CUACA
2026-02-06,1709,curah_hujan_mm,9.7,mm,,BD-CUACA
2026-02-06,1709,suhu_rata_c,25.2,C,,BD-CUACA
2026-02-06,1771,curah_hujan_mm,5.9,mm,,BD-CUACA
2026-02-06,1771,suhu_rata_c,26.5,C,,BD-CUACA
2026-02-07,1708,curah_hujan_mm,27.4,mm,,BD-CUACA
2026-02-07,1708,suhu_rata_c,21.7,C,,BD-CUACA
2026-02-07,1709,curah_hujan_mm,49.5,mm,,BD-CUACA
2026-02-07,1709,suhu_rata_c,24.6,C,,BD-CUACA
2026-02-07,1771,curah_hujan_mm,34.6,mm,,BD-CUACA
2026-02-07,1771,suhu_rata_c,25.7,C,,BD-CUACA
2026-02-08,1708,curah_hujan_mm,0.6,mm,,BD-CUACA
2026-02-08,1708,suhu_rata_c,22.2,C,,BD-CUACA
2026-02-08,1709,curah_hujan_mm,3.2,mm,,BD-CUACA
2026-02-08,1709,suhu_rata_c,25.5,C,,BD-CUACA
2026-02-08,1771,curah_hujan_mm,6.1,mm,,BD-CUACA
2026-02-08,1771,suhu_rata_c,26.4,C,,BD-CUACA
2026-02-09,1708,curah_hujan_mm,4.9,mm,,BD-CUACA
2026-02-09,1708,suhu_rata_c,22.8,C,,BD-CUACA
2026-02-09,1709,curah_hujan_mm,1.4,mm,,BD-CUACA
2026-02-09,1709,suhu_rata_c,25.9,C,,BD-CUACA
2026-02-09,1771,curah_hujan_mm,0.6,mm,,BD-CUACA
2026-02-09,1771,suhu_rata_c,27.1,C,,BD-CUACA
2026-02-10,1708,curah_hujan_mm,2.5,mm,,BD-CUACA
2026-02-10,1708,suhu_rata_c,22.3,C,,BD-CUACA
2026-02-10,1709,curah_hujan_mm,3.4,mm,,BD-CUACA
2026-02-10,1709,suhu_rata_c,25.3,C,,BD-CUACA
2026-02-10,1771,curah_hujan_mm,3.3,mm,,BD-CUACA
2026-02-10,1771,suhu_rata_c,26.7,C,,BD-CUACA
2026-02-11,1708,curah_hujan_mm,8.3,mm,,BD-CUACA
2026-02-11,1708,suhu_rata_c,22.5,C,,BD-CUACA
2026-02-11,1709,curah_hujan_mm,6.2,mm,,BD-CUACA
2026-02-11,1709,suhu_rata_c,25.3,C,,BD-CUACA
2026-02-11,1771,curah_hujan_mm,9.8,mm,,BD-CUACA
2026-02-11,1771,suhu_rata_c,26.9,C,,BD-CUACA
2026-02-12,1708,curah_hujan_mm,8.5,mm,,BD-CUACA
2026-02-12,1708,suhu_rata_c,21.5,C,,BD-CUACA
2026-02-12,1709,curah_hujan_mm,19.4,mm,,BD-CUACA
2026-02-12,1709,suhu_rata_c,24.6,C,,BD-CUACA
2026-02-12,1771,curah_hujan_mm,14.3,mm,,BD-CUACA
2026-02-12,1771,suhu_rata_c,25.9,C,,BD-CUACA
2026-02-13,1708,curah_hujan_mm,4.2,mm,,BD-CUACA
2026-02-13,1708,suhu_rata_c,22.5,C,,BD-CUACA
2026-02-13,1709,curah_hujan_mm,3.6,mm,,BD-CUACA
2026-02-13,1709,suhu_rata_c,26.0,C,,BD-CUACA
2026-02-13,1771,curah_hujan_mm,14.9,mm,,BD-CUACA
2026-02-13,1771,suhu_rata_c,27.6,C,,BD-CUACA
2026-02-14,1708,curah_hujan_mm,14.8,mm,,BD-CUACA
2026-02-14,1708,suhu_rata_c,22.3,C,,BD-CUACA
2026-02-14,1709,curah_hujan_mm,10.2,mm,,BD-CUACA
2026-02-14,1709,suhu_rata_c,25.4,C,,BD-CUACA
2026-02-14,1771,curah_hujan_mm,19.3,mm,,BD-CUACA
2026-02-14,1771,suhu_rata_c,26.4,C,,BD-CUACA
2026-02-15,1708,curah_hujan_mm,8.9,mm,,BD-CUACA
2026-02-15,1708,suhu_rata_c,22.0,C,,BD-CUACA
2026-02-15,1709,curah_hujan_mm,10.8,mm,,BD-CUACA
2026-02-15,1709,suhu_rata_c,25.3,C,,BD-CUACA
2026-02-15,1771,curah_hujan_mm,8.6,mm,,BD-CUACA
2026-02-15,1771,suhu_rata_c,26.4,C,,BD-CUACA
2026-02-16,1708,curah_hujan_mm,8.1,mm,,BD-CUACA
2026-02-16,1708,suhu_rata_c,21.6,C,,BD-CUACA
2026-02-16,1709,curah_hujan_mm,21.9,mm,,BD-CUACA
2026-02-16,1709,suhu_rata_c,24.3,C,,BD-CUACA
2026-02-16,1771,curah_hujan_mm,25.5,mm,,BD-CUACA
2026-02-16,1771,suhu_rata_c,25.5,C,,BD-CUACA
2026-02-17,1708,curah_hujan_mm,7.2,mm,,BD-CUACA
2026-02-17,1708,suhu_rata_c,21.8,C,,BD-CUACA
2026-02-17,1709,curah_hujan_mm,12.6,mm,,BD-CUACA
2026-02-17,1709,suhu_rata_c,24.9,C,,BD-CUACA
2026-02-17,1771,curah_hujan_mm,24.0,mm,,BD-CUACA
2026-02-17,1771,suhu_rata_c,26.0,C,,BD-CUACA
2026-02-18,1708,curah_hujan_mm,2.1,mm,,BD-CUACA
2026-02-18,1708,suhu_rata_c,22.5,C,,BD-CUACA
2026-02-18,1709,curah_hujan_mm,0.4,mm,,BD-CUACA
2026-02-18,1709,suhu_rata_c,25.6,C,,BD-CUACA
2026-02-18,1771,curah_hujan_mm,1.4,mm,,BD-CUACA
2026-02-18,1771,suhu_rata_c,27.2,C,,BD-CUACA
2026-02-19,1708,curah_hujan_mm,1.3,mm,,BD-CUACA
2026-02-19,1708,suhu_rata_c,22.9,C,,BD-CUACA
2026-02-19,1709,curah_hujan_mm,3.2,mm,,BD-CUACA
2026-02-19,1709,suhu_rata_c,26.1,C,,BD-CUACA
2026-02-19,1771,curah_hujan_mm,4.9,mm,,BD-CUACA
2026-02-19,1771,suhu_rata_c,27.2,C,,BD-CUACA
2026-02-20,1708,curah_hujan_mm,1.6,mm,,BD-CUACA
2026-02-20,1708,suhu_rata_c,23.1,C,,BD-CUACA
2026-02-20,1709,curah_hujan_mm,5.9,mm,,BD-CUACA
2026-02-20,1709,suhu_rata_c,26.6,C,,BD-CUACA
2026-02-20,1771,curah_hujan_mm,14.0,mm,,BD-CUACA
2026-02-20,1771,suhu_rata_c,27.2,C,,BD-CUACA
2026-02-21,1708,curah_hujan_mm,10.6,mm,,BD-CUACA
2026-02-21,1708,suhu_rata_c,22.7,C,,BD-CUACA
2026-02-21,1709,curah_hujan_mm,2.8,mm,,BD-CUACA
2026-02-21,1709,suhu_rata_c,25.9,C,,BD-CUACA
2026-02-21,1771,curah_hujan_mm,7.8,mm,,BD-CUACA
2026-02-21,1771,suhu_rata_c,27.0,C,,BD-CUACA
2026-02-22,1708,curah_hujan_mm,20.8,mm,,BD-CUACA
2026-02-22,1708,suhu_rata_c,22.4,C,,BD-CUACA
2026-02-22,1709,curah_hujan_mm,17.4,mm,,BD-CUACA
2026-02-22,1709,suhu_rata_c,25.3,C,,BD-CUACA
2026-02-22,1771,curah_hujan_mm,5.8,mm,,BD-CUACA
2026-02-22,1771,suhu_rata_c,26.6,C,,BD-CUACA
2026-02-23,1708,curah_hujan_mm,14.2,mm,,BD-CUACA
2026-02-23,1708,suhu_rata_c,21.7,C,,BD-CUACA
2026-02-23,1709,curah_hujan_mm,18.4,mm,,BD-CUACA
2026-02-23,1709,suhu_rata_c,24.9,C,,BD-CUACA
2026-02-23,1771,curah_hujan_mm,28.8,mm,,BD-CUACA
2026-02-23,1771,suhu_rata_c,25.7,C,,BD-CUACA
2026-02-24,1708,curah_hujan_mm,1.5,mm,,BD-CUACA
2026-02-24,1708,suhu_rata_c,22.3,C,,BD-CUACA
2026-02-24,1709,curah_hujan_mm,1.1,mm,,BD-CUACA
2026-02-24,1709,suhu_rata_c,25.4,C,,BD-CUACA
2026-02-24,1771,curah_hujan_mm,3.9,mm,,BD-CUACA
2026-02-24,1771,suhu_rata_c,26.6,C,,BD-CUACA
2026-02-25,1708,curah_hujan_mm,1.6,mm,,BD-CUACA
2026-02-25,1708,suhu_rata_c,22.9,C,,BD-CUACA
2026-02-25,1709,curah_hujan_mm,2.5,mm,,BD-CUACA
2026-02-25,1709,suhu_rata_c,26.0,C,,BD-CUACA
2026-02-25,1771,curah_hujan_mm,1.5,mm,,BD-CUACA
2026-02-25,1771,suhu_rata_c,27.4,C,,BD-CUACA
2026-02-26,1708,curah_hujan_mm,0.1,mm,,BD-CUACA
2026-02-26,1708,suhu_rata_c,23.2,C,,BD-CUACA
2026-02-26,1709,curah_hujan_mm,0.2,mm,,BD-CUACA
2026-02-26,1709,suhu_rata_c,26.4,C,,BD-CUACA
2026-02-26,1771,curah_hujan_mm,0.3,mm,,BD-CUACA
2026-02-26,1771,suhu_rata_c,27.4,C,,BD-CUACA
2026-02-27,1708,curah_hujan_mm,1.8,mm,,BD-CUACA
2026-02-27,1708,suhu_rata_c,22.3,C,,BD-CUACA
2026-02-27,1709,curah_hujan_mm,1.7,mm,,BD-CUACA
2026-02-27,1709,suhu_rata_c,25.7,C,,BD-CUACA
2026-02-27,1771,curah_hujan_mm,6.7,mm,,BD-CUACA
2026-02-27,1771,suhu_rata_c,27.0,C,,BD-CUACA
2026-02-28,1708,curah_hujan_mm,1.7,mm,,BD-CUACA
2026-02-28,1708,suhu_rata_c,22.9,C,,BD-CUACA
2026-02-28,1709,curah_hujan_mm,1.3,mm,,BD-CUACA
2026-02-28,1709,suhu_rata_c,26.5,C,,BD-CUACA
2026-02-28,1771,curah_hujan_mm,0.3,mm,,BD-CUACA
2026-02-28,1771,suhu_rata_c,27.8,C,,BD-CUACA
2026-03-01,1708,curah_hujan_mm,2.9,mm,,BD-CUACA
2026-03-01,1708,suhu_rata_c,22.7,C,,BD-CUACA
2026-03-01,1709,curah_hujan_mm,0.9,mm,,BD-CUACA
2026-03-01,1709,suhu_rata_c,26.2,C,,BD-CUACA
2026-03-01,1771,curah_hujan_mm,1.9,mm,,BD-CUACA
2026-03-01,1771,suhu_rata_c,27.9,C,,BD-CUACA
2026-03-02,1708,curah_hujan_mm,4.0,mm,,BD-CUACA
2026-03-02,1708,suhu_rata_c,22.3,C,,BD-CUACA
2026-03-02,1709,curah_hujan_mm,1.7,mm,,BD-CUACA
2026-03-02,1709,suhu_rata_c,26.1,C,,BD-CUACA
2026-03-02,1771,curah_hujan_mm,3.3,mm,,BD-CUACA
2026-03-02,1771,suhu_rata_c,27.5,C,,BD-CUACA
2026-03-03,1708,curah_hujan_mm,2.3,mm,,BD-CUACA
2026-03-03,1708,suhu_rata_c,22.2,C,,BD-CUACA
2026-03-03,1709,curah_hujan_mm,4.9,mm,,BD-CUACA
2026-03-03,1709,suhu_rata_c,25.6,C,,BD-CUACA
2026-03-03,1771,curah_hujan_mm,8.4,mm,,BD-CUACA
2026-03-03,1771,suhu_rata_c,27.0,C,,BD-CUACA
2026-03-04,1708,curah_hujan_mm,3.4,mm,,BD-CUACA
2026-03-04,1708,suhu_rata_c,21.7,C,,BD-CUACA
2026-03-04,1709,curah_hujan_mm,9.2,mm,,BD-CUACA
2026-03-04,1709,suhu_rata_c,24.7,C,,BD-CUACA
2026-03-04,1771,curah_hujan_mm,7.9,mm,,BD-CUACA
2026-03-04,1771,suhu_rata_c,26.3,C,,BD-CUACA
2026-03-05,1708,curah_hujan_mm,7.2,mm,,BD-CUACA
2026-03-05,1708,suhu_rata_c,21.7,C,,BD-CUACA
2026-03-05,1709,curah_hujan_mm,47.3,mm,,BD-CUACA
2026-03-05,1709,suhu_rata_c,24.5,C,,BD-CUACA
2026-03-05,1771,curah_hujan_mm,57.0,mm,,BD-CUACA
2026-03-05,1771,suhu_rata_c,25.7,C,,BD-CUACA
2026-03-06,1708,curah_hujan_mm,15.3,mm,,BD-CUACA
2026-03-06,1708,suhu_rata_c,21.1,C,,BD-CUACA
2026-03-06,1709,curah_hujan_mm,21.8,mm,,BD-CUACA
2026-03-06,1709,suhu_rata_c,24.1,C,,BD-CUACA
2026-03-06,1771,curah_hujan_mm,16.7,mm,,BD-CUACA
2026-03-06,1771,suhu_rata_c,25.0,C,,BD-CUACA
2026-03-07,1708,curah_hujan_mm,17.3,mm,,BD-CUACA
2026-03-07,1708,suhu_rata_c,21.6,C,,BD-CUACA
2026-03-07,1709,curah_hujan_mm,11.2,mm,,BD-CUACA
2026-03-07,1709,suhu_rata_c,24.6,C,,BD-CUACA
2026-03-07,1771,curah_hujan_mm,3.3,mm,,BD-CUACA
2026-03-07,1771,suhu_rata_c,25.8,C,,BD-CUACA
2026-03-08,1708,curah_hujan_mm,19.3,mm,,BD-CUACA
2026-03-08,1708,suhu_rata_c,21.2,C,,BD-CUACA
2026-03-08,1709,curah_hujan_mm,23.6,mm,,BD-CUACA
2026-03-08,1709,suhu_rata_c,24.0,C,,BD-CUACA
2026-03-08,1771,curah_hujan_mm,13.0,mm,,BD-CUACA
2026-03-08,1771,suhu_rata_c,25.1,C,,BD-CUACA
2026-03-09,1708,curah_hujan_mm,16.6,mm,,BD-CUACA
2026-03-09,1708,suhu_rata_c,21.7,C,,BD-CUACA
2026-03-09,1709,curah_hujan_mm,11.3,mm,,BD-CUACA
2026-03-09,1709,suhu_rata_c,24.8,C,,BD-CUACA
2026-03-09,1771,curah_hujan_mm,1.0,mm,,BD-CUACA
2026-03-09,1771,suhu_rata_c,26.3,C,,BD-CUACA
2026-03-10,1708,curah_hujan_mm,18.8,mm,,BD-CUACA
2026-03-10,1708,suhu_rata_c,22.4,C,,BD-CUACA
2026-03-10,1709,curah_hujan_mm,6.5,mm,,BD-CUACA
2026-03-10,1709,suhu_rata_c,25.6,C,,BD-CUACA
2026-03-10,1771,curah_hujan_mm,2.2,mm,,BD-CUACA
2026-03-10,1771,suhu_rata_c,26.8,C,,BD-CUACA
2026-03-11,1708,curah_hujan_mm,15.8,mm,,BD-CUACA
2026-03-11,1708,suhu_rata_c,22.1,C,,BD-CUACA
2026-03-11,1709,curah_hujan_mm,7.1,mm,,BD-CUACA
2026-03-11,1709,suhu_rata_c,25.1,C,,BD-CUACA
2026-03-11,1771,curah_hujan_mm,4.9,mm,,BD-CUACA
2026-03-11,1771,suhu_rata_c,25.7,C,,BD-CUACA
2026-03-12,1708,curah_hujan_mm,17.4,mm,,BD-CUACA
2026-03-12,1708,suhu_rata_c,22.6,C,,BD-CUACA
2026-03-12,1709,curah_hujan_mm,3.8,mm,,BD-CUACA
2026-03-12,1709,suhu_rata_c,25.6,C,,BD-CUACA
2026-03-12,1771,curah_hujan_mm,4.3,mm,,BD-CUACA
2026-03-12,1771,suhu_rata_c,26.5,C,,BD-CUACA
2026-03-13,1708,curah_hujan_mm,6.1,mm,,BD-CUACA
2026-03-13,1708,suhu_rata_c,22.6,C,,BD-CUACA
2026-03-13,1709,curah_hujan_mm,11.4,mm,,BD-CUACA
2026-03-13,1709,suhu_rata_c,25.5,C,,BD-CUACA
2026-03-13,1771,curah_hujan_mm,6.5,mm,,BD-CUACA
2026-03-13,1771,suhu_rata_c,26.7,C,,BD-CUACA
2026-03-14,1708,curah_hujan_mm,3.8,mm,,BD-CUACA
2026-03-14,1708,suhu_rata_c,22.7,C,,BD-CUACA
2026-03-14,1709,curah_hujan_mm,3.7,mm,,BD-CUACA
2026-03-14,1709,suhu_rata_c,26.0,C,,BD-CUACA
2026-03-14,1771,curah_hujan_mm,1.2,mm,,BD-CUACA
2026-03-14,1771,suhu_rata_c,27.1,C,,BD-CUACA
2026-03-15,1708,curah_hujan_mm,4.9,mm,,BD-CUACA
2026-03-15,1708,suhu_rata_c,22.4,C,,BD-CUACA
2026-03-15,1709,curah_hujan_mm,0.9,mm,,BD-CUACA
2026-03-15,1709,suhu_rata_c,25.6,C,,BD-CUACA
2026-03-15,1771,curah_hujan_mm,0.1,mm,,BD-CUACA
2026-03-15,1771,suhu_rata_c,27.0,C,,BD-CUACA
2026-03-16,1708,curah_hujan_mm,5.2,mm,,BD-CUACA
2026-03-16,1708,suhu_rata_c,22.1,C,,BD-CUACA
2026-03-16,1709,curah_hujan_mm,2.8,mm,,BD-CUACA
2026-03-16,1709,suhu_rata_c,25.3,C,,BD-CUACA
2026-03-16,1771,curah_hujan_mm,6.1,mm,,BD-CUACA
2026-03-16,1771,suhu_rata_c,26.6,C,,BD-CUACA
2026-03-17,1708,curah_hujan_mm,16.6,mm,,BD-CUACA
2026-03-17,1708,suhu_rata_c,21.6,C,,BD-CUACA
2026-03-17,1709,curah_hujan_mm,18.6,mm,,BD-CUACA
2026-03-17,1709,suhu_rata_c,24.4,C,,BD-CUACA
2026-03-17,1771,curah_hujan_mm,14.4,mm,,BD-CUACA
2026-03-17,1771,suhu_rata_c,25.6,C,,BD-CUACA
2026-03-18,1708,curah_hujan_mm,7.4,mm,,BD-CUACA
2026-03-18,1708,suhu_rata_c,22.5,C,,BD-CUACA
2026-03-18,1709,curah_hujan_mm,6.3,mm,,BD-CUACA
2026-03-18,1709,suhu_rata_c,25.6,C,,BD-CUACA
2026-03-18,1771,curah_hujan_mm,0.0,mm,,BD-CUACA
2026-03-18,1771,suhu_rata_c,27.5,C,,BD-CUACA
2026-03-19,1708,curah_hujan_mm,6.1,mm,,BD-CUACA
2026-03-19,1708,suhu_rata_c,22.6,C,,BD-CUACA
2026-03-19,1709,curah_hujan_mm,10.0,mm,,BD-CUACA
2026-03-19,1709,suhu_rata_c,25.4,C,,BD-CUACA
2026-03-19,1771,curah_hujan_mm,1.3,mm,,BD-CUACA
2026-03-19,1771,suhu_rata_c,27.1,C,,BD-CUACA
2026-03-20,1708,curah_hujan_mm,12.2,mm,,BD-CUACA
2026-03-20,1708,suhu_rata_c,23.2,C,,BD-CUACA
2026-03-20,1709,curah_hujan_mm,4.2,mm,,BD-CUACA
2026-03-20,1709,suhu_rata_c,26.0,C,,BD-CUACA
2026-03-20,1771,curah_hujan_mm,0.7,mm,,BD-CUACA
2026-03-20,1771,suhu_rata_c,27.5,C,,BD-CUACA
2026-03-21,1708,curah_hujan_mm,17.2,mm,,BD-CUACA
2026-03-21,1708,suhu_rata_c,22.6,C,,BD-CUACA
2026-03-21,1709,curah_hujan_mm,4.8,mm,,BD-CUACA
2026-03-21,1709,suhu_rata_c,25.7,C,,BD-CUACA
2026-03-21,1771,curah_hujan_mm,1.4,mm,,BD-CUACA
2026-03-21,1771,suhu_rata_c,27.3,C,,BD-CUACA
2026-03-22,1708,curah_hujan_mm,1.0,mm,,BD-CUACA
2026-03-22,1708,suhu_rata_c,23.5,C,,BD-CUACA
2026-03-22,1709,curah_hujan_mm,0.3,mm,,BD-CUACA
2026-03-22,1709,suhu_rata_c,27.0,C,,BD-CUACA
2026-03-22,1771,curah_hujan_mm,1.8,mm,,BD-CUACA
2026-03-22,1771,suhu_rata_c,27.9,C,,BD-CUACA
2026-03-23,1708,curah_hujan_mm,0.2,mm,,BD-CUACA
2026-03-23,1708,suhu_rata_c,23.3,C,,BD-CUACA
2026-03-23,1709,curah_hujan_mm,0.8,mm,,BD-CUACA
2026-03-23,1709,suhu_rata_c,26.4,C,,BD-CUACA
2026-03-23,1771,curah_hujan_mm,0.2,mm,,BD-CUACA
2026-03-23,1771,suhu_rata_c,28.3,C,,BD-CUACA
2026-03-24,1708,curah_hujan_mm,0.5,mm,,BD-CUACA
2026-03-24,1708,suhu_rata_c,23.4,C,,BD-CUACA
2026-03-24,1709,curah_hujan_mm,0.2,mm,,BD-CUACA
2026-03-24,1709,suhu_rata_c,26.8,C,,BD-CUACA
2026-03-24,1771,curah_hujan_mm,0.2,mm,,BD-CUACA
2026-03-24,1771,suhu_rata_c,28.7,C,,BD-CUACA
2026-03-25,1708,curah_hujan_mm,0.4,mm,,BD-CUACA
2026-03-25,1708,suhu_rata_c,23.3,C,,BD-CUACA
2026-03-25,1709,curah_hujan_mm,0.1,mm,,BD-CUACA
2026-03-25,1709,suhu_rata_c,26.8,C,,BD-CUACA
2026-03-25,1771,curah_hujan_mm,0.4,mm,,BD-CUACA
2026-03-25,1771,suhu_rata_c,29.1,C,,BD-CUACA
2026-03-26,1708,curah_hujan_mm,1.9,mm,,BD-CUACA
2026-03-26,1708,suhu_rata_c,23.1,C,,BD-CUACA
2026-03-26,1709,curah_hujan_mm,2.1,mm,,BD-CUACA
2026-03-26,1709,suhu_rata_c,26.5,C,,BD-CUACA
2026-03-26,1771,curah_hujan_mm,0.1,mm,,BD-CUACA
2026-03-26,1771,suhu_rata_c,29.2,C,,BD-CUACA
2026-03-27,1708,curah_hujan_mm,4.4,mm,,BD-CUACA
2026-03-27,1708,suhu_rata_c,22.9,C,,BD-CUACA
2026-03-27,1709,curah_hujan_mm,3.6,mm,,BD-CUACA
2026-03-27,1709,suhu_rata_c,26.3,C,,BD-CUACA
2026-03-27,1771,curah_hujan_mm,2.3,mm,,BD-CUACA
2026-03-27,1771,suhu_rata_c,28.8,C,,BD-CUACA
2026-03-28,1708,curah_hujan_mm,1.2,mm,,BD-CUACA
2026-03-28,1708,suhu_rata_c,22.9,C,,BD-CUACA
2026-03-28,1709,curah_hujan_mm,6.5,mm,,BD-CUACA
2026-03-28,1709,suhu_rata_c,26.0,C,,BD-CUACA
2026-03-28,1771,curah_hujan_mm,7.2,mm,,BD-CUACA
2026-03-28,1771,suhu_rata_c,27.3,C,,BD-CUACA
2026-03-29,1708,curah_hujan_mm,0.3,mm,,BD-CUACA
2026-03-29,1708,suhu_rata_c,23.1,C,,BD-CUACA
2026-03-29,1709,curah_hujan_mm,0.3,mm,,BD-CUACA
2026-03-29,1709,suhu_rata_c,26.5,C,,BD-CUACA
2026-03-29,1771,curah_hujan_mm,0.2,mm,,BD-CUACA
2026-03-29,1771,suhu_rata_c,28.2,C,,BD-CUACA
2026-03-30,1708,curah_hujan_mm,16.1,mm,,BD-CUACA
2026-03-30,1708,suhu_rata_c,22.3,C,,BD-CUACA
2026-03-30,1709,curah_hujan_mm,14.0,mm,,BD-CUACA
2026-03-30,1709,suhu_rata_c,25.1,C,,BD-CUACA
2026-03-30,1771,curah_hujan_mm,9.4,mm,,BD-CUACA
2026-03-30,1771,suhu_rata_c,26.5,C,,BD-CUACA
2026-03-31,1708,curah_hujan_mm,16.0,mm,,BD-CUACA
2026-03-31,1708,suhu_rata_c,23.0,C,,BD-CUACA
2026-03-31,1709,curah_hujan_mm,5.5,mm,,BD-CUACA
2026-03-31,1709,suhu_rata_c,26.1,C,,BD-CUACA
2026-03-31,1771,curah_hujan_mm,1.6,mm,,BD-CUACA
2026-03-31,1771,suhu_rata_c,28.0,C,,BD-CUACA
2026-04-01,1708,curah_hujan_mm,13.7,mm,,BD-CUACA
2026-04-01,1708,suhu_rata_c,22.6,C,,BD-CUACA
2026-04-01,1709,curah_hujan_mm,32.6,mm,,BD-CUACA
2026-04-01,1709,suhu_rata_c,25.3,C,,BD-CUACA
2026-04-01,1771,curah_hujan_mm,13.2,mm,,BD-CUACA
2026-04-01,1771,suhu_rata_c,26.7,C,,BD-CUACA
2026-04-02,1708,curah_hujan_mm,3.8,mm,,BD-CUACA
2026-04-02,1708,suhu_rata_c,23.4,C,,BD-CUACA
2026-04-02,1709,curah_hujan_mm,0.4,mm,,BD-CUACA
2026-04-02,1709,suhu_rata_c,26.3,C,,BD-CUACA
2026-04-02,1771,curah_hujan_mm,0.2,mm,,BD-CUACA
2026-04-02,1771,suhu_rata_c,27.3,C,,BD-CUACA
2026-04-03,1708,curah_hujan_mm,2.9,mm,,BD-CUACA
2026-04-03,1708,suhu_rata_c,22.9,C,,BD-CUACA
2026-04-03,1709,curah_hujan_mm,20.9,mm,,BD-CUACA
2026-04-03,1709,suhu_rata_c,25.4,C,,BD-CUACA
2026-04-03,1771,curah_hujan_mm,11.2,mm,,BD-CUACA
2026-04-03,1771,suhu_rata_c,26.5,C,,BD-CUACA
2026-04-04,1708,curah_hujan_mm,2.0,mm,,BD-CUACA
2026-04-04,1708,suhu_rata_c,22.9,C,,BD-CUACA
2026-04-04,1709,curah_hujan_mm,2.7,mm,,BD-CUACA
2026-04-04,1709,suhu_rata_c,26.1,C,,BD-CUACA
2026-04-04,1771,curah_hujan_mm,0.9,mm,,BD-CUACA
2026-04-04,1771,suhu_rata_c,27.4,C,,BD-CUACA
2026-04-05,1708,curah_hujan_mm,18.8,mm,,BD-CUACA
2026-04-05,1708,suhu_rata_c,22.1,C,,BD-CUACA
2026-04-05,1709,curah_hujan_mm,31.4,mm,,BD-CUACA
2026-04-05,1709,suhu_rata_c,24.9,C,,BD-CUACA
2026-04-05,1771,curah_hujan_mm,44.9,mm,,BD-CUACA
2026-04-05,1771,suhu_rata_c,25.5,C,,BD-CUACA
2026-04-06,1708,curah_hujan_mm,7.7,mm,,BD-CUACA
2026-04-06,1708,suhu_rata_c,22.4,C,,BD-CUACA
2026-04-06,1709,curah_hujan_mm,10.8,mm,,BD-CUACA
2026-04-06,1709,suhu_rata_c,25.4,C,,BD-CUACA
2026-04-06,1771,curah_hujan_mm,18.3,mm,,BD-CUACA
2026-04-06,1771,suhu_rata_c,25.9,C,,BD-CUACA
2026-04-07,1708,curah_hujan_mm,11.1,mm,,BD-CUACA
2026-04-07,1708,suhu_rata_c,22.1,C,,BD-CUACA
2026-04-07,1709,curah_hujan_mm,26.0,mm,,BD-CUACA
2026-04-07,1709,suhu_rata_c,25.2,C,,BD-CUACA
2026-04-07,1771,curah_hujan_mm,27.2,mm,,BD-CUACA
2026-04-07,1771,suhu_rata_c,26.0,C,,BD-CUACA
2026-04-08,1708,curah_hujan_mm,12.2,mm,,BD-CUACA
2026-04-08,1708,suhu_rata_c,22.1,C,,BD-CUACA
2026-04-08,1709,curah_hujan_mm,14.0,mm,,BD-CUACA
2026-04-08,1709,suhu_rata_c,24.9,C,,BD-CUACA
2026-04-08,1771,curah_hujan_mm,9.4,mm,,BD-CUACA
2026-04-08,1771,suhu_rata_c,26.1,C,,BD-CUACA
2026-04-09,1708,curah_hujan_mm,1.9,mm,,BD-CUACA
2026-04-09,1708,suhu_rata_c,23.4,C,,BD-CUACA
2026-04-09,1709,curah_hujan_mm,5.5,mm,,BD-CUACA
2026-04-09,1709,suhu_rata_c,26.8,C,,BD-CUACA
2026-04-09,1771,curah_hujan_mm,7.4,mm,,BD-CUACA
2026-04-09,1771,suhu_rata_c,27.6,C,,BD-CUACA
2026-04-10,1708,curah_hujan_mm,3.1,mm,,BD-CUACA
2026-04-10,1708,suhu_rata_c,22.8,C,,BD-CUACA
2026-04-10,1709,curah_hujan_mm,6.9,mm,,BD-CUACA
2026-04-10,1709,suhu_rata_c,25.9,C,,BD-CUACA
2026-04-10,1771,curah_hujan_mm,0.9,mm,,BD-CUACA
2026-04-10,1771,suhu_rata_c,27.6,C,,BD-CUACA
2026-04-11,1708,curah_hujan_mm,2.5,mm,,BD-CUACA
2026-04-11,1708,suhu_rata_c,22.7,C,,BD-CUACA
2026-04-11,1709,curah_hujan_mm,8.3,mm,,BD-CUACA
2026-04-11,1709,suhu_rata_c,25.6,C,,BD-CUACA
2026-04-11,1771,curah_hujan_mm,3.3,mm,,BD-CUACA
2026-04-11,1771,suhu_rata_c,27.0,C,,BD-CUACA
2026-04-12,1708,curah_hujan_mm,4.2,mm,,BD-CUACA
2026-04-12,1708,suhu_rata_c,22.8,C,,BD-CUACA
2026-04-12,1709,curah_hujan_mm,4.2,mm,,BD-CUACA
2026-04-12,1709,suhu_rata_c,26.0,C,,BD-CUACA
2026-04-12,1771,curah_hujan_mm,0.6,mm,,BD-CUACA
2026-04-12,1771,suhu_rata_c,27.4,C,,BD-CUACA
2026-04-13,1708,curah_hujan_mm,8.1,mm,,BD-CUACA
2026-04-13,1708,suhu_rata_c,23.3,C,,BD-CUACA
2026-04-13,1709,curah_hujan_mm,8.3,mm,,BD-CUACA
2026-04-13,1709,suhu_rata_c,26.3,C,,BD-CUACA
2026-04-13,1771,curah_hujan_mm,6.6,mm,,BD-CUACA
2026-04-13,1771,suhu_rata_c,27.6,C,,BD-CUACA
2026-04-14,1708,curah_hujan_mm,18.2,mm,,BD-CUACA
2026-04-14,1708,suhu_rata_c,21.8,C,,BD-CUACA
2026-04-14,1709,curah_hujan_mm,30.5,mm,,BD-CUACA
2026-04-14,1709,suhu_rata_c,24.8,C,,BD-CUACA
2026-04-14,1771,curah_hujan_mm,17.7,mm,,BD-CUACA
2026-04-14,1771,suhu_rata_c,25.9,C,,BD-CUACA
2026-04-15,1708,curah_hujan_mm,4.2,mm,,BD-CUACA
2026-04-15,1708,suhu_rata_c,22.5,C,,BD-CUACA
2026-04-15,1709,curah_hujan_mm,9.7,mm,,BD-CUACA
2026-04-15,1709,suhu_rata_c,25.5,C,,BD-CUACA
2026-04-15,1771,curah_hujan_mm,19.0,mm,,BD-CUACA
2026-04-15,1771,suhu_rata_c,26.5,C,,BD-CUACA
2026-04-16,1708,curah_hujan_mm,4.6,mm,,BD-CUACA
2026-04-16,1708,suhu_rata_c,23.1,C,,BD-CUACA
2026-04-16,1709,curah_hujan_mm,0.8,mm,,BD-CUACA
2026-04-16,1709,suhu_rata_c,26.3,C,,BD-CUACA
2026-04-16,1771,curah_hujan_mm,0.2,mm,,BD-CUACA
2026-04-16,1771,suhu_rata_c,27.6,C,,BD-CUACA
2026-04-17,1708,curah_hujan_mm,12.9,mm,,BD-CUACA
2026-04-17,1708,suhu_rata_c,23.2,C,,BD-CUACA
2026-04-17,1709,curah_hujan_mm,35.1,mm,,BD-CUACA
2026-04-17,1709,suhu_rata_c,26.0,C,,BD-CUACA
2026-04-17,1771,curah_hujan_mm,11.7,mm,,BD-CUACA
2026-04-17,1771,suhu_rata_c,27.1,C,,BD-CUACA
2026-04-18,1708,curah_hujan_mm,22.4,mm,,BD-CUACA
2026-04-18,1708,suhu_rata_c,22.8,C,,BD-CUACA
2026-04-18,1709,curah_hujan_mm,21.9,mm,,BD-CUACA
2026-04-18,1709,suhu_rata_c,25.7,C,,BD-CUACA
2026-04-18,1771,curah_hujan_mm,17.3,mm,,BD-CUACA
2026-04-18,1771,suhu_rata_c,26.6,C,,BD-CUACA
2026-04-19,1708,curah_hujan_mm,12.9,mm,,BD-CUACA
2026-04-19,1708,suhu_rata_c,22.6,C,,BD-CUACA
2026-04-19,1709,curah_hujan_mm,6.1,mm,,BD-CUACA
2026-04-19,1709,suhu_rata_c,25.4,C,,BD-CUACA
2026-04-19,1771,curah_hujan_mm,2.3,mm,,BD-CUACA
2026-04-19,1771,suhu_rata_c,26.9,C,,BD-CUACA
2026-04-20,1708,curah_hujan_mm,8.0,mm,,BD-CUACA
2026-04-20,1708,suhu_rata_c,23.2,C,,BD-CUACA
2026-04-20,1709,curah_hujan_mm,14.9,mm,,BD-CUACA
2026-04-20,1709,suhu_rata_c,25.7,C,,BD-CUACA
2026-04-20,1771,curah_hujan_mm,13.7,mm,,BD-CUACA
2026-04-20,1771,suhu_rata_c,27.1,C,,BD-CUACA
2026-04-21,1708,curah_hujan_mm,53.1,mm,,BD-CUACA
2026-04-21,1708,suhu_rata_c,21.8,C,,BD-CUACA
2026-04-21,1709,curah_hujan_mm,13.4,mm,,BD-CUACA
2026-04-21,1709,suhu_rata_c,24.8,C,,BD-CUACA
2026-04-21,1771,curah_hujan_mm,8.5,mm,,BD-CUACA
2026-04-21,1771,suhu_rata_c,26.1,C,,BD-CUACA
2026-04-22,1708,curah_hujan_mm,20.7,mm,,BD-CUACA
2026-04-22,1708,suhu_rata_c,22.7,C,,BD-CUACA
2026-04-22,1709,curah_hujan_mm,5.1,mm,,BD-CUACA
2026-04-22,1709,suhu_rata_c,26.1,C,,BD-CUACA
2026-04-22,1771,curah_hujan_mm,4.0,mm,,BD-CUACA
2026-04-22,1771,suhu_rata_c,27.1,C,,BD-CUACA
2026-04-23,1708,curah_hujan_mm,9.0,mm,,BD-CUACA
2026-04-23,1708,suhu_rata_c,23.2,C,,BD-CUACA
2026-04-23,1709,curah_hujan_mm,4.3,mm,,BD-CUACA
2026-04-23,1709,suhu_rata_c,26.4,C,,BD-CUACA
2026-04-23,1771,curah_hujan_mm,2.9,mm,,BD-CUACA
2026-04-23,1771,suhu_rata_c,27.8,C,,BD-CUACA
2026-04-24,1708,curah_hujan_mm,8.0,mm,,BD-CUACA
2026-04-24,1708,suhu_rata_c,23.2,C,,BD-CUACA
2026-04-24,1709,curah_hujan_mm,5.5,mm,,BD-CUACA
2026-04-24,1709,suhu_rata_c,26.2,C,,BD-CUACA
2026-04-24,1771,curah_hujan_mm,0.7,mm,,BD-CUACA
2026-04-24,1771,suhu_rata_c,27.7,C,,BD-CUACA
2026-04-25,1708,curah_hujan_mm,7.0,mm,,BD-CUACA
2026-04-25,1708,suhu_rata_c,23.9,C,,BD-CUACA
2026-04-25,1709,curah_hujan_mm,9.7,mm,,BD-CUACA
2026-04-25,1709,suhu_rata_c,26.7,C,,BD-CUACA
2026-04-25,1771,curah_hujan_mm,10.5,mm,,BD-CUACA
2026-04-25,1771,suhu_rata_c,27.7,C,,BD-CUACA
2026-04-26,1708,curah_hujan_mm,3.7,mm,,BD-CUACA
2026-04-26,1708,suhu_rata_c,23.7,C,,BD-CUACA
2026-04-26,1709,curah_hujan_mm,5.3,mm,,BD-CUACA
2026-04-26,1709,suhu_rata_c,26.4,C,,BD-CUACA
2026-04-26,1771,curah_hujan_mm,9.8,mm,,BD-CUACA
2026-04-26,1771,suhu_rata_c,27.2,C,,BD-CUACA
2026-04-27,1708,curah_hujan_mm,2.3,mm,,BD-CUACA
2026-04-27,1708,suhu_rata_c,23.6,C,,BD-CUACA
2026-04-27,1709,curah_hujan_mm,6.7,mm,,BD-CUACA
2026-04-27,1709,suhu_rata_c,26.6,C,,BD-CUACA
2026-04-27,1771,curah_hujan_mm,1.3,mm,,BD-CUACA
2026-04-27,1771,suhu_rata_c,28.3,C,,BD-CUACA
2026-04-28,1708,curah_hujan_mm,12.5,mm,,BD-CUACA
2026-04-28,1708,suhu_rata_c,23.0,C,,BD-CUACA
2026-04-28,1709,curah_hujan_mm,2.2,mm,,BD-CUACA
2026-04-28,1709,suhu_rata_c,25.8,C,,BD-CUACA
2026-04-28,1771,curah_hujan_mm,1.7,mm,,BD-CUACA
2026-04-28,1771,suhu_rata_c,27.5,C,,BD-CUACA
2026-04-29,1708,curah_hujan_mm,11.5,mm,,BD-CUACA
2026-04-29,1708,suhu_rata_c,22.9,C,,BD-CUACA
2026-04-29,1709,curah_hujan_mm,51.3,mm,,BD-CUACA
2026-04-29,1709,suhu_rata_c,25.4,C,,BD-CUACA
2026-04-29,1771,curah_hujan_mm,18.5,mm,,BD-CUACA
2026-04-29,1771,suhu_rata_c,27.0,C,,BD-CUACA
2026-04-30,1708,curah_hujan_mm,15.9,mm,,BD-CUACA
2026-04-30,1708,suhu_rata_c,23.1,C,,BD-CUACA
2026-04-30,1709,curah_hujan_mm,18.0,mm,,BD-CUACA
2026-04-30,1709,suhu_rata_c,25.5,C,,BD-CUACA
2026-04-30,1771,curah_hujan_mm,7.7,mm,,BD-CUACA
2026-04-30,1771,suhu_rata_c,26.9,C,,BD-CUACA
2026-05-01,1708,curah_hujan_mm,18.4,mm,,BD-CUACA
2026-05-01,1708,suhu_rata_c,22.7,C,,BD-CUACA
2026-05-01,1709,curah_hujan_mm,24.4,mm,,BD-CUACA
2026-05-01,1709,suhu_rata_c,25.2,C,,BD-CUACA
2026-05-01,1771,curah_hujan_mm,5.6,mm,,BD-CUACA
2026-05-01,1771,suhu_rata_c,26.7,C,,BD-CUACA
2026-05-02,1708,curah_hujan_mm,8.8,mm,,BD-CUACA
2026-05-02,1708,suhu_rata_c,22.5,C,,BD-CUACA
2026-05-02,1709,curah_hujan_mm,6.1,mm,,BD-CUACA
2026-05-02,1709,suhu_rata_c,25.8,C,,BD-CUACA
2026-05-02,1771,curah_hujan_mm,2.3,mm,,BD-CUACA
2026-05-02,1771,suhu_rata_c,26.8,C,,BD-CUACA
2026-05-03,1708,curah_hujan_mm,17.8,mm,,BD-CUACA
2026-05-03,1708,suhu_rata_c,22.3,C,,BD-CUACA
2026-05-03,1709,curah_hujan_mm,5.8,mm,,BD-CUACA
2026-05-03,1709,suhu_rata_c,25.6,C,,BD-CUACA
2026-05-03,1771,curah_hujan_mm,14.4,mm,,BD-CUACA
2026-05-03,1771,suhu_rata_c,26.8,C,,BD-CUACA
2026-05-04,1708,curah_hujan_mm,4.0,mm,,BD-CUACA
2026-05-04,1708,suhu_rata_c,22.7,C,,BD-CUACA
2026-05-04,1709,curah_hujan_mm,7.9,mm,,BD-CUACA
2026-05-04,1709,suhu_rata_c,25.7,C,,BD-CUACA
2026-05-04,1771,curah_hujan_mm,3.6,mm,,BD-CUACA
2026-05-04,1771,suhu_rata_c,26.9,C,,BD-CUACA
2026-05-05,1708,curah_hujan_mm,15.7,mm,,BD-CUACA
2026-05-05,1708,suhu_rata_c,22.4,C,,BD-CUACA
2026-05-05,1709,curah_hujan_mm,1.4,mm,,BD-CUACA
2026-05-05,1709,suhu_rata_c,25.6,C,,BD-CUACA
2026-05-05,1771,curah_hujan_mm,2.1,mm,,BD-CUACA
2026-05-05,1771,suhu_rata_c,26.9,C,,BD-CUACA
2026-05-06,1708,curah_hujan_mm,34.4,mm,,BD-CUACA
2026-05-06,1708,suhu_rata_c,22.3,C,,BD-CUACA
2026-05-06,1709,curah_hujan_mm,34.2,mm,,BD-CUACA
2026-05-06,1709,suhu_rata_c,25.5,C,,BD-CUACA
2026-05-06,1771,curah_hujan_mm,32.7,mm,,BD-CUACA
2026-05-06,1771,suhu_rata_c,26.6,C,,BD-CUACA
2026-05-07,1708,curah_hujan_mm,13.8,mm,,BD-CUACA
2026-05-07,1708,suhu_rata_c,22.6,C,,BD-CUACA
2026-05-07,1709,curah_hujan_mm,6.8,mm,,BD-CUACA
2026-05-07,1709,suhu_rata_c,25.6,C,,BD-CUACA
2026-05-07,1771,curah_hujan_mm,12.2,mm,,BD-CUACA
2026-05-07,1771,suhu_rata_c,26.4,C,,BD-CUACA
2026-05-08,1708,curah_hujan_mm,8.1,mm,,BD-CUACA
2026-05-08,1708,suhu_rata_c,22.7,C,,BD-CUACA
2026-05-08,1709,curah_hujan_mm,5.0,mm,,BD-CUACA
2026-05-08,1709,suhu_rata_c,25.9,C,,BD-CUACA
2026-05-08,1771,curah_hujan_mm,4.9,mm,,BD-CUACA
2026-05-08,1771,suhu_rata_c,26.6,C,,BD-CUACA
2026-05-09,1708,curah_hujan_mm,0.8,mm,,BD-CUACA
2026-05-09,1708,suhu_rata_c,23.2,C,,BD-CUACA
2026-05-09,1709,curah_hujan_mm,6.5,mm,,BD-CUACA
2026-05-09,1709,suhu_rata_c,26.0,C,,BD-CUACA
2026-05-09,1771,curah_hujan_mm,0.9,mm,,BD-CUACA
2026-05-09,1771,suhu_rata_c,26.9,C,,BD-CUACA
2026-05-10,1708,curah_hujan_mm,17.8,mm,,BD-CUACA
2026-05-10,1708,suhu_rata_c,23.3,C,,BD-CUACA
2026-05-10,1709,curah_hujan_mm,5.9,mm,,BD-CUACA
2026-05-10,1709,suhu_rata_c,26.1,C,,BD-CUACA
2026-05-10,1771,curah_hujan_mm,12.3,mm,,BD-CUACA
2026-05-10,1771,suhu_rata_c,27.4,C,,BD-CUACA
2026-05-11,1708,curah_hujan_mm,33.9,mm,,BD-CUACA
2026-05-11,1708,suhu_rata_c,22.7,C,,BD-CUACA
2026-05-11,1709,curah_hujan_mm,13.4,mm,,BD-CUACA
2026-05-11,1709,suhu_rata_c,25.5,C,,BD-CUACA
2026-05-11,1771,curah_hujan_mm,4.4,mm,,BD-CUACA
2026-05-11,1771,suhu_rata_c,26.6,C,,BD-CUACA
2026-05-12,1708,curah_hujan_mm,17.1,mm,,BD-CUACA
2026-05-12,1708,suhu_rata_c,23.3,C,,BD-CUACA
2026-05-12,1709,curah_hujan_mm,10.5,mm,,BD-CUACA
2026-05-12,1709,suhu_rata_c,26.1,C,,BD-CUACA
2026-05-12,1771,curah_hujan_mm,4.4,mm,,BD-CUACA
2026-05-12,1771,suhu_rata_c,27.6,C,,BD-CUACA
2026-05-13,1708,curah_hujan_mm,17.2,mm,,BD-CUACA
2026-05-13,1708,suhu_rata_c,23.0,C,,BD-CUACA
2026-05-13,1709,curah_hujan_mm,32.1,mm,,BD-CUACA
2026-05-13,1709,suhu_rata_c,25.4,C,,BD-CUACA
2026-05-13,1771,curah_hujan_mm,18.2,mm,,BD-CUACA
2026-05-13,1771,suhu_rata_c,26.8,C,,BD-CUACA
2026-05-14,1708,curah_hujan_mm,4.9,mm,,BD-CUACA
2026-05-14,1708,suhu_rata_c,23.1,C,,BD-CUACA
2026-05-14,1709,curah_hujan_mm,3.1,mm,,BD-CUACA
2026-05-14,1709,suhu_rata_c,25.9,C,,BD-CUACA
2026-05-14,1771,curah_hujan_mm,4.6,mm,,BD-CUACA
2026-05-14,1771,suhu_rata_c,27.3,C,,BD-CUACA
2026-05-15,1708,curah_hujan_mm,34.5,mm,,BD-CUACA
2026-05-15,1708,suhu_rata_c,22.7,C,,BD-CUACA
2026-05-15,1709,curah_hujan_mm,46.4,mm,,BD-CUACA
2026-05-15,1709,suhu_rata_c,25.5,C,,BD-CUACA
2026-05-15,1771,curah_hujan_mm,63.1,mm,,BD-CUACA
2026-05-15,1771,suhu_rata_c,26.2,C,,BD-CUACA
2026-05-16,1708,curah_hujan_mm,15.8,mm,,BD-CUACA
2026-05-16,1708,suhu_rata_c,22.6,C,,BD-CUACA
2026-05-16,1709,curah_hujan_mm,25.8,mm,,BD-CUACA
2026-05-16,1709,suhu_rata_c,26.2,C,,BD-CUACA
2026-05-16,1771,curah_hujan_mm,34.7,mm,,BD-CUACA
2026-05-16,1771,suhu_rata_c,26.8,C,,BD-CUACA
2026-05-17,1708,curah_hujan_mm,2.6,mm,,BD-CUACA
2026-05-17,1708,suhu_rata_c,23.4,C,,BD-CUACA
2026-05-17,1709,curah_hujan_mm,0.5,mm,,BD-CUACA
2026-05-17,1709,suhu_rata_c,26.8,C,,BD-CUACA
2026-05-17,1771,curah_hujan_mm,0.9,mm,,BD-CUACA
2026-05-17,1771,suhu_rata_c,27.9,C,,BD-CUACA
2026-05-18,1708,curah_hujan_mm,7.1,mm,,BD-CUACA
2026-05-18,1708,suhu_rata_c,24.3,C,,BD-CUACA
2026-05-18,1709,curah_hujan_mm,6.1,mm,,BD-CUACA
2026-05-18,1709,suhu_rata_c,28.0,C,,BD-CUACA
2026-05-18,1771,curah_hujan_mm,4.3,mm,,BD-CUACA
2026-05-18,1771,suhu_rata_c,28.9,C,,BD-CUACA
2026-05-19,1708,curah_hujan_mm,16.4,mm,,BD-CUACA
2026-05-19,1708,suhu_rata_c,23.4,C,,BD-CUACA
2026-05-19,1709,curah_hujan_mm,13.2,mm,,BD-CUACA
2026-05-19,1709,suhu_rata_c,27.0,C,,BD-CUACA
2026-05-19,1771,curah_hujan_mm,19.6,mm,,BD-CUACA
2026-05-19,1771,suhu_rata_c,28.0,C,,BD-CUACA
2026-05-20,1708,curah_hujan_mm,6.3,mm,,BD-CUACA
2026-05-20,1708,suhu_rata_c,23.8,C,,BD-CUACA
2026-05-20,1709,curah_hujan_mm,8.0,mm,,BD-CUACA
2026-05-20,1709,suhu_rata_c,26.9,C,,BD-CUACA
2026-05-20,1771,curah_hujan_mm,7.5,mm,,BD-CUACA
2026-05-20,1771,suhu_rata_c,28.3,C,,BD-CUACA
2026-05-21,1708,curah_hujan_mm,38.9,mm,,BD-CUACA
2026-05-21,1708,suhu_rata_c,22.5,C,,BD-CUACA
2026-05-21,1709,curah_hujan_mm,16.3,mm,,BD-CUACA
2026-05-21,1709,suhu_rata_c,25.6,C,,BD-CUACA
2026-05-21,1771,curah_hujan_mm,35.5,mm,,BD-CUACA
2026-05-21,1771,suhu_rata_c,26.6,C,,BD-CUACA
2026-05-22,1708,curah_hujan_mm,12.0,mm,,BD-CUACA
2026-05-22,1708,suhu_rata_c,23.4,C,,BD-CUACA
2026-05-22,1709,curah_hujan_mm,5.2,mm,,BD-CUACA
2026-05-22,1709,suhu_rata_c,27.0,C,,BD-CUACA
2026-05-22,1771,curah_hujan_mm,14.4,mm,,BD-CUACA
2026-05-22,1771,suhu_rata_c,27.6,C,,BD-CUACA
2026-05-23,1708,curah_hujan_mm,30.5,mm,,BD-CUACA
2026-05-23,1708,suhu_rata_c,22.6,C,,BD-CUACA
2026-05-23,1709,curah_hujan_mm,34.5,mm,,BD-CUACA
2026-05-23,1709,suhu_rata_c,25.6,C,,BD-CUACA
2026-05-23,1771,curah_hujan_mm,7.0,mm,,BD-CUACA
2026-05-23,1771,suhu_rata_c,26.9,C,,BD-CUACA
2026-05-24,1708,curah_hujan_mm,7.9,mm,,BD-CUACA
2026-05-24,1708,suhu_rata_c,22.6,C,,BD-CUACA
2026-05-24,1709,curah_hujan_mm,13.2,mm,,BD-CUACA
2026-05-24,1709,suhu_rata_c,26.0,C,,BD-CUACA
2026-05-24,1771,curah_hujan_mm,13.8,mm,,BD-CUACA
2026-05-24,1771,suhu_rata_c,27.0,C,,BD-CUACA
2026-05-25,1708,curah_hujan_mm,10.8,mm,,BD-CUACA
2026-05-25,1708,suhu_rata_c,22.1,C,,BD-CUACA
2026-05-25,1709,curah_hujan_mm,6.1,mm,,BD-CUACA
2026-05-25,1709,suhu_rata_c,25.9,C,,BD-CUACA
2026-05-25,1771,curah_hujan_mm,27.8,mm,,BD-CUACA
2026-05-25,1771,suhu_rata_c,27.0,C,,BD-CUACA
2026-05-26,1708,curah_hujan_mm,5.0,mm,,BD-CUACA
2026-05-26,1708,suhu_rata_c,23.2,C,,BD-CUACA
2026-05-26,1709,curah_hujan_mm,9.2,mm,,BD-CUACA
2026-05-26,1709,suhu_rata_c,26.5,C,,BD-CUACA
2026-05-26,1771,curah_hujan_mm,15.4,mm,,BD-CUACA
2026-05-26,1771,suhu_rata_c,27.7,C,,BD-CUACA
2026-05-27,1708,curah_hujan_mm,0.3,mm,,BD-CUACA
2026-05-27,1708,suhu_rata_c,23.9,C,,BD-CUACA
2026-05-27,1709,curah_hujan_mm,0.1,mm,,BD-CUACA
2026-05-27,1709,suhu_rata_c,27.1,C,,BD-CUACA
2026-05-27,1771,curah_hujan_mm,0.0,mm,,BD-CUACA
2026-05-27,1771,suhu_rata_c,28.3,C,,BD-CUACA
2026-05-28,1708,curah_hujan_mm,4.9,mm,,BD-CUACA
2026-05-28,1708,suhu_rata_c,23.4,C,,BD-CUACA
2026-05-28,1709,curah_hujan_mm,2.0,mm,,BD-CUACA
2026-05-28,1709,suhu_rata_c,26.7,C,,BD-CUACA
2026-05-28,1771,curah_hujan_mm,1.5,mm,,BD-CUACA
2026-05-28,1771,suhu_rata_c,27.6,C,,BD-CUACA
2026-05-29,1708,curah_hujan_mm,1.7,mm,,BD-CUACA
2026-05-29,1708,suhu_rata_c,23.3,C,,BD-CUACA
2026-05-29,1709,curah_hujan_mm,1.3,mm,,BD-CUACA
2026-05-29,1709,suhu_rata_c,26.9,C,,BD-CUACA
2026-05-29,1771,curah_hujan_mm,2.0,mm,,BD-CUACA
2026-05-29,1771,suhu_rata_c,28.0,C,,BD-CUACA
2026-05-30,1708,curah_hujan_mm,0.0,mm,,BD-CUACA
2026-05-30,1708,suhu_rata_c,23.1,C,,BD-CUACA
2026-05-30,1709,curah_hujan_mm,0.0,mm,,BD-CUACA
2026-05-30,1709,suhu_rata_c,26.7,C,,BD-CUACA
2026-05-30,1771,curah_hujan_mm,0.6,mm,,BD-CUACA
2026-05-30,1771,suhu_rata_c,27.8,C,,BD-CUACA
2026-05-31,1708,curah_hujan_mm,1.3,mm,,BD-CUACA
2026-05-31,1708,suhu_rata_c,22.5,C,,BD-CUACA
2026-05-31,1709,curah_hujan_mm,0.3,mm,,BD-CUACA
2026-05-31,1709,suhu_rata_c,26.2,C,,BD-CUACA
2026-05-31,1771,curah_hujan_mm,2.3,mm,,BD-CUACA
2026-05-31,1771,suhu_rata_c,27.6,C,,BD-CUACA
2026-06-01,1708,curah_hujan_mm,0.7,mm,,BD-CUACA
2026-06-01,1708,suhu_rata_c,22.9,C,,BD-CUACA
2026-06-01,1709,curah_hujan_mm,0.4,mm,,BD-CUACA
2026-06-01,1709,suhu_rata_c,26.5,C,,BD-CUACA
2026-06-01,1771,curah_hujan_mm,0.0,mm,,BD-CUACA
2026-06-01,1771,suhu_rata_c,27.9,C,,BD-CUACA
2026-06-02,1708,curah_hujan_mm,1.5,mm,,BD-CUACA
2026-06-02,1708,suhu_rata_c,24.0,C,,BD-CUACA
2026-06-02,1709,curah_hujan_mm,1.8,mm,,BD-CUACA
2026-06-02,1709,suhu_rata_c,27.2,C,,BD-CUACA
2026-06-02,1771,curah_hujan_mm,2.0,mm,,BD-CUACA
2026-06-02,1771,suhu_rata_c,28.0,C,,BD-CUACA
2026-06-03,1708,curah_hujan_mm,1.6,mm,,BD-CUACA
2026-06-03,1708,suhu_rata_c,24.0,C,,BD-CUACA
2026-06-03,1709,curah_hujan_mm,2.7,mm,,BD-CUACA
2026-06-03,1709,suhu_rata_c,27.3,C,,BD-CUACA
2026-06-03,1771,curah_hujan_mm,3.6,mm,,BD-CUACA
2026-06-03,1771,suhu_rata_c,28.3,C,,BD-CUACA
2026-06-04,1708,curah_hujan_mm,1.2,mm,,BD-CUACA
2026-06-04,1708,suhu_rata_c,24.0,C,,BD-CUACA
2026-06-04,1709,curah_hujan_mm,0.9,mm,,BD-CUACA
2026-06-04,1709,suhu_rata_c,27.7,C,,BD-CUACA
2026-06-04,1771,curah_hujan_mm,2.5,mm,,BD-CUACA
2026-06-04,1771,suhu_rata_c,28.4,C,,BD-CUACA
2026-06-05,1708,curah_hujan_mm,0.6,mm,,BD-CUACA
2026-06-05,1708,suhu_rata_c,24.7,C,,BD-CUACA
2026-06-05,1709,curah_hujan_mm,0.9,mm,,BD-CUACA
2026-06-05,1709,suhu_rata_c,28.1,C,,BD-CUACA
2026-06-05,1771,curah_hujan_mm,2.2,mm,,BD-CUACA
2026-06-05,1771,suhu_rata_c,28.7,C,,BD-CUACA
2026-06-06,1708,curah_hujan_mm,0.6,mm,,BD-CUACA
2026-06-06,1708,suhu_rata_c,24.8,C,,BD-CUACA
2026-06-06,1709,curah_hujan_mm,0.8,mm,,BD-CUACA
2026-06-06,1709,suhu_rata_c,28.1,C,,BD-CUACA
2026-06-06,1771,curah_hujan_mm,1.5,mm,,BD-CUACA
2026-06-06,1771,suhu_rata_c,29.0,C,,BD-CUACA
2026-06-07,1708,curah_hujan_mm,1.3,mm,,BD-CUACA
2026-06-07,1708,suhu_rata_c,24.2,C,,BD-CUACA
2026-06-07,1709,curah_hujan_mm,6.9,mm,,BD-CUACA
2026-06-07,1709,suhu_rata_c,27.1,C,,BD-CUACA
2026-06-07,1771,curah_hujan_mm,6.5,mm,,BD-CUACA
2026-06-07,1771,suhu_rata_c,27.8,C,,BD-CUACA
2026-06-08,1708,curah_hujan_mm,5.9,mm,,BD-CUACA
2026-06-08,1708,suhu_rata_c,23.2,C,,BD-CUACA
2026-06-08,1709,curah_hujan_mm,4.6,mm,,BD-CUACA
2026-06-08,1709,suhu_rata_c,26.3,C,,BD-CUACA
2026-06-08,1771,curah_hujan_mm,2.3,mm,,BD-CUACA
2026-06-08,1771,suhu_rata_c,27.9,C,,BD-CUACA
2026-06-09,1708,curah_hujan_mm,14.7,mm,,BD-CUACA
2026-06-09,1708,suhu_rata_c,23.1,C,,BD-CUACA
2026-06-09,1709,curah_hujan_mm,11.7,mm,,BD-CUACA
2026-06-09,1709,suhu_rata_c,26.1,C,,BD-CUACA
2026-06-09,1771,curah_hujan_mm,17.7,mm,,BD-CUACA
2026-06-09,1771,suhu_rata_c,27.1,C,,BD-CUACA
2026-06-10,1708,curah_hujan_mm,4.7,mm,,BD-CUACA
2026-06-10,1708,suhu_rata_c,21.8,C,,BD-CUACA
2026-06-10,1709,curah_hujan_mm,9.4,mm,,BD-CUACA
2026-06-10,1709,suhu_rata_c,25.1,C,,BD-CUACA
2026-06-10,1771,curah_hujan_mm,14.5,mm,,BD-CUACA
2026-06-10,1771,suhu_rata_c,26.1,C,,BD-CUACA
2026-06-11,1708,curah_hujan_mm,0.3,mm,,BD-CUACA
2026-06-11,1708,suhu_rata_c,23.0,C,,BD-CUACA
2026-06-11,1709,curah_hujan_mm,0.2,mm,,BD-CUACA
2026-06-11,1709,suhu_rata_c,26.3,C,,BD-CUACA
2026-06-11,1771,curah_hujan_mm,0.8,mm,,BD-CUACA
2026-06-11,1771,suhu_rata_c,27.6,C,,BD-CUACA
2026-06-12,1708,curah_hujan_mm,1.8,mm,,BD-CUACA
2026-06-12,1708,suhu_rata_c,23.4,C,,BD-CUACA
2026-06-12,1709,curah_hujan_mm,2.4,mm,,BD-CUACA
2026-06-12,1709,suhu_rata_c,26.5,C,,BD-CUACA
2026-06-12,1771,curah_hujan_mm,1.1,mm,,BD-CUACA
2026-06-12,1771,suhu_rata_c,28.1,C,,BD-CUACA
2026-06-13,1708,curah_hujan_mm,0.0,mm,,BD-CUACA
2026-06-13,1708,suhu_rata_c,23.3,C,,BD-CUACA
2026-06-13,1709,curah_hujan_mm,0.0,mm,,BD-CUACA
2026-06-13,1709,suhu_rata_c,26.5,C,,BD-CUACA
2026-06-13,1771,curah_hujan_mm,0.0,mm,,BD-CUACA
2026-06-13,1771,suhu_rata_c,28.1,C,,BD-CUACA
2026-06-14,1708,curah_hujan_mm,4.9,mm,,BD-CUACA
2026-06-14,1708,suhu_rata_c,23.9,C,,BD-CUACA
2026-06-14,1709,curah_hujan_mm,3.1,mm,,BD-CUACA
2026-06-14,1709,suhu_rata_c,27.4,C,,BD-CUACA
2026-06-14,1771,curah_hujan_mm,5.6,mm,,BD-CUACA
2026-06-14,1771,suhu_rata_c,28.5,C,,BD-CUACA
2026-06-15,1708,curah_hujan_mm,36.9,mm,,BD-CUACA
2026-06-15,1708,suhu_rata_c,21.8,C,,BD-CUACA
2026-06-15,1709,curah_hujan_mm,26.6,mm,,BD-CUACA
2026-06-15,1709,suhu_rata_c,25.0,C,,BD-CUACA
2026-06-15,1771,curah_hujan_mm,40.9,mm,,BD-CUACA
2026-06-15,1771,suhu_rata_c,25.9,C,,BD-CUACA
2026-06-16,1708,curah_hujan_mm,3.0,mm,,BD-CUACA
2026-06-16,1708,suhu_rata_c,23.1,C,,BD-CUACA
2026-06-16,1709,curah_hujan_mm,5.2,mm,,BD-CUACA
2026-06-16,1709,suhu_rata_c,25.9,C,,BD-CUACA
2026-06-16,1771,curah_hujan_mm,3.0,mm,,BD-CUACA
2026-06-16,1771,suhu_rata_c,27.1,C,,BD-CUACA
2026-06-17,1708,curah_hujan_mm,16.3,mm,,BD-CUACA
2026-06-17,1708,suhu_rata_c,22.0,C,,BD-CUACA
2026-06-17,1709,curah_hujan_mm,35.1,mm,,BD-CUACA
2026-06-17,1709,suhu_rata_c,25.2,C,,BD-CUACA
2026-06-17,1771,curah_hujan_mm,14.0,mm,,BD-CUACA
2026-06-17,1771,suhu_rata_c,26.7,C,,BD-CUACA
2026-06-18,1708,curah_hujan_mm,6.3,mm,,BD-CUACA
2026-06-18,1708,suhu_rata_c,23.4,C,,BD-CUACA
2026-06-18,1709,curah_hujan_mm,7.2,mm,,BD-CUACA
2026-06-18,1709,suhu_rata_c,26.5,C,,BD-CUACA
2026-06-18,1771,curah_hujan_mm,5.1,mm,,BD-CUACA
2026-06-18,1771,suhu_rata_c,27.4,C,,BD-CUACA
2026-06-19,1708,curah_hujan_mm,3.4,mm,,BD-CUACA
2026-06-19,1708,suhu_rata_c,23.6,C,,BD-CUACA
2026-06-19,1709,curah_hujan_mm,3.7,mm,,BD-CUACA
2026-06-19,1709,suhu_rata_c,26.6,C,,BD-CUACA
2026-06-19,1771,curah_hujan_mm,6.2,mm,,BD-CUACA
2026-06-19,1771,suhu_rata_c,27.7,C,,BD-CUACA
2026-06-20,1708,curah_hujan_mm,5.1,mm,,BD-CUACA
2026-06-20,1708,suhu_rata_c,22.6,C,,BD-CUACA
2026-06-20,1709,curah_hujan_mm,18.6,mm,,BD-CUACA
2026-06-20,1709,suhu_rata_c,25.8,C,,BD-CUACA
2026-06-20,1771,curah_hujan_mm,8.8,mm,,BD-CUACA
2026-06-20,1771,suhu_rata_c,27.0,C,,BD-CUACA
2026-06-21,1708,curah_hujan_mm,7.7,mm,,BD-CUACA
2026-06-21,1708,suhu_rata_c,22.6,C,,BD-CUACA
2026-06-21,1709,curah_hujan_mm,11.0,mm,,BD-CUACA
2026-06-21,1709,suhu_rata_c,25.7,C,,BD-CUACA
2026-06-21,1771,curah_hujan_mm,13.3,mm,,BD-CUACA
2026-06-21,1771,suhu_rata_c,26.9,C,,BD-CUACA
2026-06-22,1708,curah_hujan_mm,3.0,mm,,BD-CUACA
2026-06-22,1708,suhu_rata_c,22.4,C,,BD-CUACA
2026-06-22,1709,curah_hujan_mm,4.8,mm,,BD-CUACA
2026-06-22,1709,suhu_rata_c,25.7,C,,BD-CUACA
2026-06-22,1771,curah_hujan_mm,13.0,mm,,BD-CUACA
2026-06-22,1771,suhu_rata_c,26.7,C,,BD-CUACA
2026-06-23,1708,curah_hujan_mm,9.3,mm,,BD-CUACA
2026-06-23,1708,suhu_rata_c,22.9,C,,BD-CUACA
2026-06-23,1709,curah_hujan_mm,3.9,mm,,BD-CUACA
2026-06-23,1709,suhu_rata_c,26.0,C,,BD-CUACA
2026-06-23,1771,curah_hujan_mm,4.9,mm,,BD-CUACA
2026-06-23,1771,suhu_rata_c,27.3,C,,BD-CUACA
2026-06-24,1708,curah_hujan_mm,9.8,mm,,BD-CUACA
2026-06-24,1708,suhu_rata_c,22.2,C,,BD-CUACA
2026-06-24,1709,curah_hujan_mm,11.0,mm,,BD-CUACA
2026-06-24,1709,suhu_rata_c,25.5,C,,BD-CUACA
2026-06-24,1771,curah_hujan_mm,14.2,mm,,BD-CUACA
2026-06-24,1771,suhu_rata_c,26.4,C,,BD-CUACA
2026-06-25,1708,curah_hujan_mm,6.1,mm,,BD-CUACA
2026-06-25,1708,suhu_rata_c,22.5,C,,BD-CUACA
2026-06-25,1709,curah_hujan_mm,3.3,mm,,BD-CUACA
2026-06-25,1709,suhu_rata_c,25.7,C,,BD-CUACA
2026-06-25,1771,curah_hujan_mm,2.4,mm,,BD-CUACA
2026-06-25,1771,suhu_rata_c,27.2,C,,BD-CUACA
2026-06-26,1708,curah_hujan_mm,1.2,mm,,BD-CUACA
2026-06-26,1708,suhu_rata_c,23.3,C,,BD-CUACA
2026-06-26,1709,curah_hujan_mm,1.7,mm,,BD-CUACA
2026-06-26,1709,suhu_rata_c,26.5,C,,BD-CUACA
2026-06-26,1771,curah_hujan_mm,2.9,mm,,BD-CUACA
2026-06-26,1771,suhu_rata_c,27.9,C,,BD-CUACA
2026-06-27,1708,curah_hujan_mm,0.3,mm,,BD-CUACA
2026-06-27,1708,suhu_rata_c,23.8,C,,BD-CUACA
2026-06-27,1709,curah_hujan_mm,1.1,mm,,BD-CUACA
2026-06-27,1709,suhu_rata_c,26.9,C,,BD-CUACA
2026-06-27,1771,curah_hujan_mm,2.4,mm,,BD-CUACA
2026-06-27,1771,suhu_rata_c,27.8,C,,BD-CUACA
2026-06-28,1708,curah_hujan_mm,0.1,mm,,BD-CUACA
2026-06-28,1708,suhu_rata_c,23.5,C,,BD-CUACA
2026-06-28,1709,curah_hujan_mm,2.7,mm,,BD-CUACA
2026-06-28,1709,suhu_rata_c,26.8,C,,BD-CUACA
2026-06-28,1771,curah_hujan_mm,2.9,mm,,BD-CUACA
2026-06-28,1771,suhu_rata_c,27.9,C,,BD-CUACA
2026-06-29,1708,curah_hujan_mm,2.9,mm,,BD-CUACA
2026-06-29,1708,suhu_rata_c,23.3,C,,BD-CUACA
2026-06-29,1709,curah_hujan_mm,6.1,mm,,BD-CUACA
2026-06-29,1709,suhu_rata_c,26.1,C,,BD-CUACA
2026-06-29,1771,curah_hujan_mm,5.2,mm,,BD-CUACA
2026-06-29,1771,suhu_rata_c,27.2,C,,BD-CUACA
2026-06-30,1708,curah_hujan_mm,7.3,mm,,BD-CUACA
2026-06-30,1708,suhu_rata_c,22.2,C,,BD-CUACA
2026-06-30,1709,curah_hujan_mm,13.5,mm,,BD-CUACA
2026-06-30,1709,suhu_rata_c,25.3,C,,BD-CUACA
2026-06-30,1771,curah_hujan_mm,6.6,mm,,BD-CUACA
2026-06-30,1771,suhu_rata_c,27.0,C,,BD-CUACA
2026-07-01,1708,curah_hujan_mm,18.6,mm,,BD-CUACA
2026-07-01,1708,suhu_rata_c,21.7,C,,BD-CUACA
2026-07-01,1709,curah_hujan_mm,12.9,mm,,BD-CUACA
2026-07-01,1709,suhu_rata_c,25.2,C,,BD-CUACA
2026-07-01,1771,curah_hujan_mm,11.2,mm,,BD-CUACA
2026-07-01,1771,suhu_rata_c,26.5,C,,BD-CUACA
2026-07-02,1708,curah_hujan_mm,3.9,mm,,BD-CUACA
2026-07-02,1708,suhu_rata_c,22.5,C,,BD-CUACA
2026-07-02,1709,curah_hujan_mm,3.1,mm,,BD-CUACA
2026-07-02,1709,suhu_rata_c,26.1,C,,BD-CUACA
2026-07-02,1771,curah_hujan_mm,3.0,mm,,BD-CUACA
2026-07-02,1771,suhu_rata_c,27.4,C,,BD-CUACA
2026-07-03,1708,curah_hujan_mm,5.8,mm,,BD-CUACA
2026-07-03,1708,suhu_rata_c,22.6,C,,BD-CUACA
2026-07-03,1709,curah_hujan_mm,2.4,mm,,BD-CUACA
2026-07-03,1709,suhu_rata_c,26.1,C,,BD-CUACA
2026-07-03,1771,curah_hujan_mm,2.6,mm,,BD-CUACA
2026-07-03,1771,suhu_rata_c,27.6,C,,BD-CUACA
2026-07-04,1708,curah_hujan_mm,2.5,mm,,BD-CUACA
2026-07-04,1708,suhu_rata_c,23.8,C,,BD-CUACA
2026-07-04,1709,curah_hujan_mm,11.7,mm,,BD-CUACA
2026-07-04,1709,suhu_rata_c,27.0,C,,BD-CUACA
2026-07-04,1771,curah_hujan_mm,10.3,mm,,BD-CUACA
2026-07-04,1771,suhu_rata_c,27.7,C,,BD-CUACA
2026-07-05,1708,curah_hujan_mm,4.0,mm,,BD-CUACA
2026-07-05,1708,suhu_rata_c,23.4,C,,BD-CUACA
2026-07-05,1709,curah_hujan_mm,5.3,mm,,BD-CUACA
2026-07-05,1709,suhu_rata_c,26.4,C,,BD-CUACA
2026-07-05,1771,curah_hujan_mm,2.3,mm,,BD-CUACA
2026-07-05,1771,suhu_rata_c,27.4,C,,BD-CUACA
2026-07-06,1708,curah_hujan_mm,10.2,mm,,BD-CUACA
2026-07-06,1708,suhu_rata_c,22.3,C,,BD-CUACA
2026-07-06,1709,curah_hujan_mm,18.5,mm,,BD-CUACA
2026-07-06,1709,suhu_rata_c,24.8,C,,BD-CUACA
2026-07-06,1771,curah_hujan_mm,12.5,mm,,BD-CUACA
2026-07-06,1771,suhu_rata_c,26.0,C,,BD-CUACA
2026-07-07,1708,curah_hujan_mm,8.9,mm,,BD-CUACA
2026-07-07,1708,suhu_rata_c,22.0,C,,BD-CUACA
2026-07-07,1709,curah_hujan_mm,13.1,mm,,BD-CUACA
2026-07-07,1709,suhu_rata_c,24.9,C,,BD-CUACA
2026-07-07,1771,curah_hujan_mm,17.7,mm,,BD-CUACA
2026-07-07,1771,suhu_rata_c,25.8,C,,BD-CUACA
2026-07-08,1708,curah_hujan_mm,3.4,mm,,BD-CUACA
2026-07-08,1708,suhu_rata_c,22.3,C,,BD-CUACA
2026-07-08,1709,curah_hujan_mm,7.8,mm,,BD-CUACA
2026-07-08,1709,suhu_rata_c,25.8,C,,BD-CUACA
2026-07-08,1771,curah_hujan_mm,4.6,mm,,BD-CUACA
2026-07-08,1771,suhu_rata_c,26.6,C,,BD-CUACA
2026-07-09,1708,curah_hujan_mm,2.5,mm,,BD-CUACA
2026-07-09,1708,suhu_rata_c,22.3,C,,BD-CUACA
2026-07-09,1709,curah_hujan_mm,3.5,mm,,BD-CUACA
2026-07-09,1709,suhu_rata_c,25.6,C,,BD-CUACA
2026-07-09,1771,curah_hujan_mm,12.8,mm,,BD-CUACA
2026-07-09,1771,suhu_rata_c,26.7,C,,BD-CUACA
2026-07-10,1708,curah_hujan_mm,1.3,mm,,BD-CUACA
2026-07-10,1708,suhu_rata_c,21.8,C,,BD-CUACA
2026-07-10,1709,curah_hujan_mm,0.5,mm,,BD-CUACA
2026-07-10,1709,suhu_rata_c,24.9,C,,BD-CUACA
2026-07-10,1771,curah_hujan_mm,0.0,mm,,BD-CUACA
2026-07-10,1771,suhu_rata_c,26.3,C,,BD-CUACA
2026-07-11,1708,curah_hujan_mm,0.0,mm,,BD-CUACA
2026-07-11,1708,suhu_rata_c,22.3,C,,BD-CUACA
2026-07-11,1709,curah_hujan_mm,0.0,mm,,BD-CUACA
2026-07-11,1709,suhu_rata_c,25.5,C,,BD-CUACA
2026-07-11,1771,curah_hujan_mm,0.0,mm,,BD-CUACA
2026-07-11,1771,suhu_rata_c,26.7,C,,BD-CUACA
2026-07-12,1708,curah_hujan_mm,1.6,mm,,BD-CUACA
2026-07-12,1708,suhu_rata_c,21.7,C,,BD-CUACA
2026-07-12,1709,curah_hujan_mm,0.7,mm,,BD-CUACA
2026-07-12,1709,suhu_rata_c,25.2,C,,BD-CUACA
2026-07-12,1771,curah_hujan_mm,0.6,mm,,BD-CUACA
2026-07-12,1771,suhu_rata_c,26.6,C,,BD-CUACA
2026-07-13,1708,curah_hujan_mm,3.3,mm,,BD-CUACA
2026-07-13,1708,suhu_rata_c,22.6,C,,BD-CUACA
2026-07-13,1709,curah_hujan_mm,0.5,mm,,BD-CUACA
2026-07-13,1709,suhu_rata_c,25.8,C,,BD-CUACA
2026-07-13,1771,curah_hujan_mm,0.0,mm,,BD-CUACA
2026-07-13,1771,suhu_rata_c,26.9,C,,BD-CUACA
2026-07-14,1708,curah_hujan_mm,0.0,mm,,BD-CUACA
2026-07-14,1708,suhu_rata_c,23.5,C,,BD-CUACA
2026-07-14,1709,curah_hujan_mm,1.3,mm,,BD-CUACA
2026-07-14,1709,suhu_rata_c,26.8,C,,BD-CUACA
2026-07-14,1771,curah_hujan_mm,0.7,mm,,BD-CUACA
2026-07-14,1771,suhu_rata_c,27.7,C,,BD-CUACA
2026-07-15,1708,curah_hujan_mm,0.5,mm,,BD-CUACA
2026-07-15,1708,suhu_rata_c,24.0,C,,BD-CUACA
2026-07-15,1709,curah_hujan_mm,1.1,mm,,BD-CUACA
2026-07-15,1709,suhu_rata_c,27.2,C,,BD-CUACA
2026-07-15,1771,curah_hujan_mm,1.7,mm,,BD-CUACA
2026-07-15,1771,suhu_rata_c,28.2,C,,BD-CUACA
2026-07-16,1708,curah_hujan_mm,0.1,mm,,BD-CUACA
2026-07-16,1708,suhu_rata_c,24.0,C,,BD-CUACA
2026-07-16,1709,curah_hujan_mm,1.3,mm,,BD-CUACA
2026-07-16,1709,suhu_rata_c,27.2,C,,BD-CUACA
2026-07-16,1771,curah_hujan_mm,1.8,mm,,BD-CUACA
2026-07-16,1771,suhu_rata_c,27.9,C,,BD-CUACA
2026-07-17,1708,curah_hujan_mm,2.5,mm,,BD-CUACA
2026-07-17,1708,suhu_rata_c,24.1,C,,BD-CUACA
2026-07-17,1709,curah_hujan_mm,1.7,mm,,BD-CUACA
2026-07-17,1709,suhu_rata_c,27.3,C,,BD-CUACA
2026-07-17,1771,curah_hujan_mm,0.8,mm,,BD-CUACA
2026-07-17,1771,suhu_rata_c,28.3,C,,BD-CUACA
2026-07-18,1708,curah_hujan_mm,5.4,mm,,BD-CUACA
2026-07-18,1708,suhu_rata_c,23.4,C,,BD-CUACA
2026-07-18,1709,curah_hujan_mm,9.1,mm,,BD-CUACA
2026-07-18,1709,suhu_rata_c,26.2,C,,BD-CUACA
2026-07-18,1771,curah_hujan_mm,7.9,mm,,BD-CUACA
2026-07-18,1771,suhu_rata_c,26.9,C,,BD-CUACA
2026-07-19,1708,curah_hujan_mm,5.8,mm,,BD-CUACA
2026-07-19,1708,suhu_rata_c,22.8,C,,BD-CUACA
2026-07-19,1709,curah_hujan_mm,6.6,mm,,BD-CUACA
2026-07-19,1709,suhu_rata_c,26.0,C,,BD-CUACA
2026-07-19,1771,curah_hujan_mm,4.1,mm,,BD-CUACA
2026-07-19,1771,suhu_rata_c,27.0,C,,BD-CUACA
2026-07-20,1708,curah_hujan_mm,10.0,mm,,BD-CUACA
2026-07-20,1708,suhu_rata_c,22.7,C,,BD-CUACA
2026-07-20,1709,curah_hujan_mm,12.4,mm,,BD-CUACA
2026-07-20,1709,suhu_rata_c,25.5,C,,BD-CUACA
2026-07-20,1771,curah_hujan_mm,3.6,mm,,BD-CUACA
2026-07-20,1771,suhu_rata_c,27.2,C,,BD-CUACA
2026-07-21,1708,curah_hujan_mm,6.2,mm,,BD-CUACA
2026-07-21,1708,suhu_rata_c,22.3,C,,BD-CUACA
2026-07-21,1709,curah_hujan_mm,4.0,mm,,BD-CUACA
2026-07-21,1709,suhu_rata_c,25.7,C,,BD-CUACA
2026-07-21,1771,curah_hujan_mm,4.2,mm,,BD-CUACA
2026-07-21,1771,suhu_rata_c,26.8,C,,BD-CUACA
2026-07-22,1708,curah_hujan_mm,18.7,mm,,BD-CUACA
2026-07-22,1708,suhu_rata_c,21.7,C,,BD-CUACA
2026-07-22,1709,curah_hujan_mm,8.7,mm,,BD-CUACA
2026-07-22,1709,suhu_rata_c,25.5,C,,BD-CUACA
2026-07-22,1771,curah_hujan_mm,0.3,mm,,BD-CUACA
2026-07-22,1771,suhu_rata_c,27.4,C,,BD-CUACA
2026-07-23,1708,curah_hujan_mm,3.1,mm,,BD-CUACA
2026-07-23,1708,suhu_rata_c,22.4,C,,BD-CUACA
2026-07-23,1709,curah_hujan_mm,1.1,mm,,BD-CUACA
2026-07-23,1709,suhu_rata_c,26.2,C,,BD-CUACA
2026-07-23,1771,curah_hujan_mm,0.2,mm,,BD-CUACA
2026-07-23,1771,suhu_rata_c,27.8,C,,BD-CUACA
2026-07-24,1708,curah_hujan_mm,3.5,mm,,BD-CUACA
2026-07-24,1708,suhu_rata_c,23.2,C,,BD-CUACA
2026-07-24,1709,curah_hujan_mm,0.4,mm,,BD-CUACA
2026-07-24,1709,suhu_rata_c,26.2,C,,BD-CUACA
2026-07-24,1771,curah_hujan_mm,0.0,mm,,BD-CUACA
2026-07-24,1771,suhu_rata_c,27.7,C,,BD-CUACA
2026-07-25,1708,curah_hujan_mm,1.2,mm,,BD-CUACA
2026-07-25,1708,suhu_rata_c,23.3,C,,BD-CUACA
2026-07-25,1709,curah_hujan_mm,1.0,mm,,BD-CUACA
2026-07-25,1709,suhu_rata_c,26.4,C,,BD-CUACA
2026-07-25,1771,curah_hujan_mm,0.2,mm,,BD-CUACA
2026-07-25,1771,suhu_rata_c,27.8,C,,BD-CUACA
2026-07-26,1708,curah_hujan_mm,2.9,mm,,BD-CUACA
2026-07-26,1708,suhu_rata_c,22.8,C,,BD-CUACA
2026-07-26,1709,curah_hujan_mm,3.4,mm,,BD-CUACA
2026-07-26,1709,suhu_rata_c,26.3,C,,BD-CUACA
2026-07-26,1771,curah_hujan_mm,0.3,mm,,BD-CUACA
2026-07-26,1771,suhu_rata_c,27.9,C,,BD-CUACA
2026-07-27,1708,curah_hujan_mm,2.8,mm,,BD-CUACA
2026-07-27,1708,suhu_rata_c,22.8,C,,BD-CUACA
2026-07-27,1709,curah_hujan_mm,0.7,mm,,BD-CUACA
2026-07-27,1709,suhu_rata_c,26.1,C,,BD-CUACA
2026-07-27,1771,curah_hujan_mm,0.7,mm,,BD-CUACA
2026-07-27,1771,suhu_rata_c,28.0,C,,BD-CUACA
2026-07-28,1708,curah_hujan_mm,5.3,mm,,BD-CUACA
2026-07-28,1708,suhu_rata_c,22.5,C,,BD-CUACA
2026-07-28,1709,curah_hujan_mm,2.5,mm,,BD-CUACA
2026-07-28,1709,suhu_rata_c,25.8,C,,BD-CUACA
2026-07-28,1771,curah_hujan_mm,2.2,mm,,BD-CUACA
2026-07-28,1771,suhu_rata_c,27.9,C,,BD-CUACA
2026-07-29,1708,curah_hujan_mm,10.9,mm,,BD-CUACA
2026-07-29,1708,suhu_rata_c,22.5,C,,BD-CUACA
2026-07-29,1709,curah_hujan_mm,5.3,mm,,BD-CUACA
2026-07-29,1709,suhu_rata_c,25.9,C,,BD-CUACA
2026-07-29,1771,curah_hujan_mm,4.9,mm,,BD-CUACA
2026-07-29,1771,suhu_rata_c,27.5,C,,BD-CUACA
2026-07-30,1708,curah_hujan_mm,6.0,mm,,BD-CUACA
2026-07-30,1708,suhu_rata_c,23.0,C,,BD-CUACA
2026-07-30,1709,curah_hujan_mm,6.1,mm,,BD-CUACA
2026-07-30,1709,suhu_rata_c,26.3,C,,BD-CUACA
2026-07-30,1771,curah_hujan_mm,3.8,mm,,BD-CUACA
2026-07-30,1771,suhu_rata_c,27.9,C,,BD-CUACA
2026-07-31,1708,curah_hujan_mm,1.2,mm,,BD-CUACA
2026-07-31,1708,suhu_rata_c,23.7,C,,BD-CUACA
2026-07-31,1709,curah_hujan_mm,4.1,mm,,BD-CUACA
2026-07-31,1709,suhu_rata_c,26.9,C,,BD-CUACA
2026-07-31,1771,curah_hujan_mm,1.8,mm,,BD-CUACA
2026-07-31,1771,suhu_rata_c,28.5,C,,BD-CUACA
2026-08-01,1708,curah_hujan_mm,1.2,mm,,BD-CUACA
2026-08-01,1708,suhu_rata_c,24.2,C,,BD-CUACA
2026-08-01,1709,curah_hujan_mm,6.0,mm,,BD-CUACA
2026-08-01,1709,suhu_rata_c,27.5,C,,BD-CUACA
2026-08-01,1771,curah_hujan_mm,3.4,mm,,BD-CUACA
2026-08-01,1771,suhu_rata_c,28.6,C,,BD-CUACA
2026-08-02,1708,curah_hujan_mm,0.9,mm,,BD-CUACA
2026-08-02,1708,suhu_rata_c,24.1,C,,BD-CUACA
2026-08-02,1709,curah_hujan_mm,4.4,mm,,BD-CUACA
2026-08-02,1709,suhu_rata_c,27.3,C,,BD-CUACA
2026-08-02,1771,curah_hujan_mm,2.0,mm,,BD-CUACA
2026-08-02,1771,suhu_rata_c,28.6,C,,BD-CUACA
2026-08-03,1708,curah_hujan_mm,22.7,mm,,BD-CUACA
2026-08-03,1708,suhu_rata_c,22.6,C,,BD-CUACA
2026-08-03,1709,curah_hujan_mm,17.7,mm,,BD-CUACA
2026-08-03,1709,suhu_rata_c,25.6,C,,BD-CUACA
2026-08-03,1771,curah_hujan_mm,16.1,mm,,BD-CUACA
2026-08-03,1771,suhu_rata_c,26.9,C,,BD-CUACA
2026-08-04,1708,curah_hujan_mm,4.9,mm,,BD-CUACA
2026-08-04,1708,suhu_rata_c,22.4,C,,BD-CUACA
2026-08-04,1709,curah_hujan_mm,2.4,mm,,BD-CUACA
2026-08-04,1709,suhu_rata_c,25.9,C,,BD-CUACA
2026-08-04,1771,curah_hujan_mm,1.6,mm,,BD-CUACA
2026-08-04,1771,suhu_rata_c,27.5,C,,BD-CUACA
2026-08-05,1708,curah_hujan_mm,5.9,mm,,BD-CUACA
2026-08-05,1708,suhu_rata_c,22.8,C,,BD-CUACA
2026-08-05,1709,curah_hujan_mm,5.0,mm,,BD-CUACA
2026-08-05,1709,suhu_rata_c,26.0,C,,BD-CUACA
2026-08-05,1771,curah_hujan_mm,2.9,mm,,BD-CUACA
2026-08-05,1771,suhu_rata_c,27.4,C,,BD-CUACA
2026-08-06,1708,curah_hujan_mm,11.2,mm,,BD-CUACA
2026-08-06,1708,suhu_rata_c,22.2,C,,BD-CUACA
2026-08-06,1709,curah_hujan_mm,4.6,mm,,BD-CUACA
2026-08-06,1709,suhu_rata_c,25.8,C,,BD-CUACA
2026-08-06,1771,curah_hujan_mm,5.1,mm,,BD-CUACA
2026-08-06,1771,suhu_rata_c,27.0,C,,BD-CUACA
2026-08-07,1708,curah_hujan_mm,1.6,mm,,BD-CUACA
2026-08-07,1708,suhu_rata_c,23.4,C,,BD-CUACA
2026-08-07,1709,curah_hujan_mm,0.4,mm,,BD-CUACA
2026-08-07,1709,suhu_rata_c,26.7,C,,BD-CUACA
2026-08-07,1771,curah_hujan_mm,0.0,mm,,BD-CUACA
2026-08-07,1771,suhu_rata_c,28.1,C,,BD-CUACA
2026-08-08,1708,curah_hujan_mm,4.2,mm,,BD-CUACA
2026-08-08,1708,suhu_rata_c,22.9,C,,BD-CUACA
2026-08-08,1709,curah_hujan_mm,2.8,mm,,BD-CUACA
2026-08-08,1709,suhu_rata_c,26.5,C,,BD-CUACA
2026-08-08,1771,curah_hujan_mm,11.4,mm,,BD-CUACA
2026-08-08,1771,suhu_rata_c,27.4,C,,BD-CUACA
2026-08-09,1708,curah_hujan_mm,0.3,mm,,BD-CUACA
2026-08-09,1708,suhu_rata_c,23.2,C,,BD-CUACA
2026-08-09,1709,curah_hujan_mm,2.3,mm,,BD-CUACA
2026-08-09,1709,suhu_rata_c,26.2,C,,BD-CUACA
2026-08-09,1771,curah_hujan_mm,0.2,mm,,BD-CUACA
2026-08-09,1771,suhu_rata_c,27.9,C,,BD-CUACA
2026-08-10,1708,curah_hujan_mm,0.5,mm,,BD-CUACA
2026-08-10,1708,suhu_rata_c,22.6,C,,BD-CUACA
2026-08-10,1709,curah_hujan_mm,0.0,mm,,BD-CUACA
2026-08-10,1709,suhu_rata_c,26.1,C,,BD-CUACA
2026-08-10,1771,curah_hujan_mm,0.6,mm,,BD-CUACA
2026-08-10,1771,suhu_rata_c,27.7,C,,BD-CUACA
2026-08-11,1708,curah_hujan_mm,0.4,mm,,BD-CUACA
2026-08-11,1708,suhu_rata_c,22.8,C,,BD-CUACA
2026-08-11,1709,curah_hujan_mm,0.4,mm,,BD-CUACA
2026-08-11,1709,suhu_rata_c,26.1,C,,BD-CUACA
2026-08-11,1771,curah_hujan_mm,0.0,mm,,BD-CUACA
2026-08-11,1771,suhu_rata_c,28.4,C,,BD-CUACA
2026-08-12,1708,curah_hujan_mm,0.0,mm,,BD-CUACA
2026-08-12,1708,suhu_rata_c,22.6,C,,BD-CUACA
2026-08-12,1709,curah_hujan_mm,0.0,mm,,BD-CUACA
2026-08-12,1709,suhu_rata_c,26.5,C,,BD-CUACA
2026-08-12,1771,curah_hujan_mm,0.1,mm,,BD-CUACA
2026-08-12,1771,suhu_rata_c,28.7,C,,BD-CUACA
2026-08-13,1708,curah_hujan_mm,0.0,mm,,BD-CUACA
2026-08-13,1708,suhu_rata_c,23.1,C,,BD-CUACA
2026-08-13,1709,curah_hujan_mm,0.1,mm,,BD-CUACA
2026-08-13,1709,suhu_rata_c,26.3,C,,BD-CUACA
2026-08-13,1771,curah_hujan_mm,0.0,mm,,BD-CUACA
2026-08-13,1771,suhu_rata_c,28.8,C,,BD-CUACA
2026-08-14,1708,curah_hujan_mm,1.7,mm,,BD-CUACA
2026-08-14,1708,suhu_rata_c,22.9,C,,BD-CUACA
2026-08-14,1709,curah_hujan_mm,3.5,mm,,BD-CUACA
2026-08-14,1709,suhu_rata_c,26.3,C,,BD-CUACA
2026-08-14,1771,curah_hujan_mm,2.7,mm,,BD-CUACA
2026-08-14,1771,suhu_rata_c,28.4,C,,BD-CUACA
2026-08-15,1708,curah_hujan_mm,2.9,mm,,BD-CUACA
2026-08-15,1708,suhu_rata_c,24.3,C,,BD-CUACA
2026-08-15,1709,curah_hujan_mm,3.2,mm,,BD-CUACA
2026-08-15,1709,suhu_rata_c,26.7,C,,BD-CUACA
2026-08-15,1771,curah_hujan_mm,2.4,mm,,BD-CUACA
2026-08-15,1771,suhu_rata_c,27.7,C,,BD-CUACA
2026-08-16,1708,curah_hujan_mm,10.1,mm,,BD-CUACA
2026-08-16,1708,suhu_rata_c,22.2,C,,BD-CUACA
2026-08-16,1709,curah_hujan_mm,11.7,mm,,BD-CUACA
2026-08-16,1709,suhu_rata_c,25.3,C,,BD-CUACA
2026-08-16,1771,curah_hujan_mm,11.5,mm,,BD-CUACA
2026-08-16,1771,suhu_rata_c,26.5,C,,BD-CUACA
2026-08-17,1708,curah_hujan_mm,1.7,mm,,BD-CUACA
2026-08-17,1708,suhu_rata_c,23.5,C,,BD-CUACA
2026-08-17,1709,curah_hujan_mm,1.1,mm,,BD-CUACA
2026-08-17,1709,suhu_rata_c,26.9,C,,BD-CUACA
2026-08-17,1771,curah_hujan_mm,2.5,mm,,BD-CUACA
2026-08-17,1771,suhu_rata_c,27.5,C,,BD-CUACA
2026-08-18,1708,curah_hujan_mm,5.3,mm,,BD-CUACA
2026-08-18,1708,suhu_rata_c,23.3,C,,BD-CUACA
2026-08-18,1709,curah_hujan_mm,4.6,mm,,BD-CUACA
2026-08-18,1709,suhu_rata_c,26.6,C,,BD-CUACA
2026-08-18,1771,curah_hujan_mm,0.3,mm,,BD-CUACA
2026-08-18,1771,suhu_rata_c,28.2,C,,BD-CUACA
2026-08-19,1708,curah_hujan_mm,4.3,mm,,BD-CUACA
2026-08-19,1708,suhu_rata_c,22.7,C,,BD-CUACA
2026-08-19,1709,curah_hujan_mm,6.1,mm,,BD-CUACA
2026-08-19,1709,suhu_rata_c,26.1,C,,BD-CUACA
2026-08-19,1771,curah_hujan_mm,5.7,mm,,BD-CUACA
2026-08-19,1771,suhu_rata_c,27.4,C,,BD-CUACA
2026-08-20,1708,curah_hujan_mm,3.6,mm,,BD-CUACA
2026-08-20,1708,suhu_rata_c,23.0,C,,BD-CUACA
2026-08-20,1709,curah_hujan_mm,5.2,mm,,BD-CUACA
2026-08-20,1709,suhu_rata_c,26.3,C,,BD-CUACA
2026-08-20,1771,curah_hujan_mm,11.4,mm,,BD-CUACA
2026-08-20,1771,suhu_rata_c,27.2,C,,BD-CUACA
2026-08-21,1708,curah_hujan_mm,0.3,mm,,BD-CUACA
2026-08-21,1708,suhu_rata_c,24.1,C,,BD-CUACA
2026-08-21,1709,curah_hujan_mm,0.9,mm,,BD-CUACA
2026-08-21,1709,suhu_rata_c,27.1,C,,BD-CUACA
2026-08-21,1771,curah_hujan_mm,1.0,mm,,BD-CUACA
2026-08-21,1771,suhu_rata_c,28.5,C,,BD-CUACA
2026-08-22,1708,curah_hujan_mm,0.0,mm,,BD-CUACA
2026-08-22,1708,suhu_rata_c,23.5,C,,BD-CUACA
2026-08-22,1709,curah_hujan_mm,0.0,mm,,BD-CUACA
2026-08-22,1709,suhu_rata_c,27.2,C,,BD-CUACA
2026-08-22,1771,curah_hujan_mm,0.0,mm,,BD-CUACA
2026-08-22,1771,suhu_rata_c,28.8,C,,BD-CUACA
2026-08-23,1708,curah_hujan_mm,0.6,mm,,BD-CUACA
2026-08-23,1708,suhu_rata_c,23.5,C,,BD-CUACA
2026-08-23,1709,curah_hujan_mm,1.2,mm,,BD-CUACA
2026-08-23,1709,suhu_rata_c,26.7,C,,BD-CUACA
2026-08-23,1771,curah_hujan_mm,0.1,mm,,BD-CUACA
2026-08-23,1771,suhu_rata_c,28.9,C,,BD-CUACA
2026-08-24,1708,curah_hujan_mm,1.6,mm,,BD-CUACA
2026-08-24,1708,suhu_rata_c,22.9,C,,BD-CUACA
2026-08-24,1709,curah_hujan_mm,2.3,mm,,BD-CUACA
2026-08-24,1709,suhu_rata_c,26.2,C,,BD-CUACA
2026-08-24,1771,curah_hujan_mm,5.7,mm,,BD-CUACA
2026-08-24,1771,suhu_rata_c,28.6,C,,BD-CUACA
2026-08-25,1708,curah_hujan_mm,0.9,mm,,BD-CUACA
2026-08-25,1708,suhu_rata_c,23.6,C,,BD-CUACA
2026-08-25,1709,curah_hujan_mm,3.4,mm,,BD-CUACA
2026-08-25,1709,suhu_rata_c,26.7,C,,BD-CUACA
2026-08-25,1771,curah_hujan_mm,5.5,mm,,BD-CUACA
2026-08-25,1771,suhu_rata_c,28.5,C,,BD-CUACA
2026-08-26,1708,curah_hujan_mm,6.3,mm,,BD-CUACA
2026-08-26,1708,suhu_rata_c,22.5,C,,BD-CUACA
2026-08-26,1709,curah_hujan_mm,14.7,mm,,BD-CUACA
2026-08-26,1709,suhu_rata_c,25.7,C,,BD-CUACA
2026-08-26,1771,curah_hujan_mm,11.0,mm,,BD-CUACA
2026-08-26,1771,suhu_rata_c,27.0,C,,BD-CUACA
2026-08-27,1708,curah_hujan_mm,36.1,mm,,BD-CUACA
2026-08-27,1708,suhu_rata_c,22.1,C,,BD-CUACA
2026-08-27,1709,curah_hujan_mm,68.5,mm,,BD-CUACA
2026-08-27,1709,suhu_rata_c,24.8,C,,BD-CUACA
2026-08-27,1771,curah_hujan_mm,16.9,mm,,BD-CUACA
2026-08-27,1771,suhu_rata_c,26.4,C,,BD-CUACA
2026-08-28,1708,curah_hujan_mm,10.9,mm,,BD-CUACA
2026-08-28,1708,suhu_rata_c,22.3,C,,BD-CUACA
2026-08-28,1709,curah_hujan_mm,9.2,mm,,BD-CUACA
2026-08-28,1709,suhu_rata_c,25.8,C,,BD-CUACA
2026-08-28,1771,curah_hujan_mm,3.3,mm,,BD-CUACA
2026-08-28,1771,suhu_rata_c,27.2,C,,BD-CUACA
2026-08-29,1708,curah_hujan_mm,3.4,mm,,BD-CUACA
2026-08-29,1708,suhu_rata_c,22.8,C,,BD-CUACA
2026-08-29,1709,curah_hujan_mm,2.6,mm,,BD-CUACA
2026-08-29,1709,suhu_rata_c,26.1,C,,BD-CUACA
2026-08-29,1771,curah_hujan_mm,0.0,mm,,BD-CUACA
2026-08-29,1771,suhu_rata_c,27.6,C,,BD-CUACA
2026-08-30,1708,curah_hujan_mm,8.5,mm,,BD-CUACA
2026-08-30,1708,suhu_rata_c,22.9,C,,BD-CUACA
2026-08-30,1709,curah_hujan_mm,6.3,mm,,BD-CUACA
2026-08-30,1709,suhu_rata_c,26.0,C,,BD-CUACA
2026-08-30,1771,curah_hujan_mm,3.9,mm,,BD-CUACA
2026-08-30,1771,suhu_rata_c,27.3,C,,BD-CUACA
2026-08-31,1708,curah_hujan_mm,8.6,mm,,BD-CUACA
2026-08-31,1708,suhu_rata_c,23.1,C,,BD-CUACA
2026-08-31,1709,curah_hujan_mm,9.9,mm,,BD-CUACA
2026-08-31,1709,suhu_rata_c,26.0,C,,BD-CUACA
2026-08-31,1771,curah_hujan_mm,7.6,mm,,BD-CUACA
2026-08-31,1771,suhu_rata_c,27.8,C,,BD-CUACA
2026-09-01,1708,curah_hujan_mm,7.2,mm,,BD-CUACA
2026-09-01,1708,suhu_rata_c,23.4,C,,BD-CUACA
2026-09-01,1709,curah_hujan_mm,9.0,mm,,BD-CUACA
2026-09-01,1709,suhu_rata_c,26.0,C,,BD-CUACA
2026-09-01,1771,curah_hujan_mm,3.1,mm,,BD-CUACA
2026-09-01,1771,suhu_rata_c,27.9,C,,BD-CUACA
2026-09-02,1708,curah_hujan_mm,0.5,mm,,BD-CUACA
2026-09-02,1708,suhu_rata_c,24.3,C,,BD-CUACA
2026-09-02,1709,curah_hujan_mm,2.3,mm,,BD-CUACA
2026-09-02,1709,suhu_rata_c,27.2,C,,BD-CUACA
2026-09-02,1771,curah_hujan_mm,0.4,mm,,BD-CUACA
2026-09-02,1771,suhu_rata_c,28.5,C,,BD-CUACA
2026-09-03,1708,curah_hujan_mm,0.0,mm,,BD-CUACA
2026-09-03,1708,suhu_rata_c,23.4,C,,BD-CUACA
2026-09-03,1709,curah_hujan_mm,0.3,mm,,BD-CUACA
2026-09-03,1709,suhu_rata_c,27.0,C,,BD-CUACA
2026-09-03,1771,curah_hujan_mm,0.1,mm,,BD-CUACA
2026-09-03,1771,suhu_rata_c,28.3,C,,BD-CUACA
2026-09-04,1708,curah_hujan_mm,0.7,mm,,BD-CUACA
2026-09-04,1708,suhu_rata_c,22.8,C,,BD-CUACA
2026-09-04,1709,curah_hujan_mm,0.1,mm,,BD-CUACA
2026-09-04,1709,suhu_rata_c,26.2,C,,BD-CUACA
2026-09-04,1771,curah_hujan_mm,0.2,mm,,BD-CUACA
2026-09-04,1771,suhu_rata_c,28.1,C,,BD-CUACA
2026-09-05,1708,curah_hujan_mm,0.0,mm,,BD-CUACA
2026-09-05,1708,suhu_rata_c,23.4,C,,BD-CUACA
2026-09-05,1709,curah_hujan_mm,0.0,mm,,BD-CUACA
2026-09-05,1709,suhu_rata_c,26.1,C,,BD-CUACA
2026-09-05,1771,curah_hujan_mm,0.0,mm,,BD-CUACA
2026-09-05,1771,suhu_rata_c,28.0,C,,BD-CUACA
2026-09-06,1708,curah_hujan_mm,1.3,mm,,BD-CUACA
2026-09-06,1708,suhu_rata_c,22.6,C,,BD-CUACA
2026-09-06,1709,curah_hujan_mm,0.0,mm,,BD-CUACA
2026-09-06,1709,suhu_rata_c,25.5,C,,BD-CUACA
2026-09-06,1771,curah_hujan_mm,0.3,mm,,BD-CUACA
2026-09-06,1771,suhu_rata_c,27.8,C,,BD-CUACA
2026-09-07,1708,curah_hujan_mm,1.6,mm,,BD-CUACA
2026-09-07,1708,suhu_rata_c,23.0,C,,BD-CUACA
2026-09-07,1709,curah_hujan_mm,1.4,mm,,BD-CUACA
2026-09-07,1709,suhu_rata_c,25.5,C,,BD-CUACA
2026-09-07,1771,curah_hujan_mm,0.1,mm,,BD-CUACA
2026-09-07,1771,suhu_rata_c,27.7,C,,BD-CUACA
2026-09-08,1708,curah_hujan_mm,4.8,mm,,BD-CUACA
2026-09-08,1708,suhu_rata_c,22.4,C,,BD-CUACA
2026-09-08,1709,curah_hujan_mm,3.5,mm,,BD-CUACA
2026-09-08,1709,suhu_rata_c,25.7,C,,BD-CUACA
2026-09-08,1771,curah_hujan_mm,3.2,mm,,BD-CUACA
2026-09-08,1771,suhu_rata_c,27.5,C,,BD-CUACA
2026-09-09,1708,curah_hujan_mm,9.4,mm,,BD-CUACA
2026-09-09,1708,suhu_rata_c,22.4,C,,BD-CUACA
2026-09-09,1709,curah_hujan_mm,6.4,mm,,BD-CUACA
2026-09-09,1709,suhu_rata_c,26.2,C,,BD-CUACA
2026-09-09,1771,curah_hujan_mm,0.3,mm,,BD-CUACA
2026-09-09,1771,suhu_rata_c,27.9,C,,BD-CUACA
2026-09-10,1708,curah_hujan_mm,4.4,mm,,BD-CUACA
2026-09-10,1708,suhu_rata_c,22.4,C,,BD-CUACA
2026-09-10,1709,curah_hujan_mm,6.7,mm,,BD-CUACA
2026-09-10,1709,suhu_rata_c,26.0,C,,BD-CUACA
2026-09-10,1771,curah_hujan_mm,1.9,mm,,BD-CUACA
2026-09-10,1771,suhu_rata_c,27.8,C,,BD-CUACA
2026-09-11,1708,curah_hujan_mm,11.4,mm,,BD-CUACA
2026-09-11,1708,suhu_rata_c,23.4,C,,BD-CUACA
2026-09-11,1709,curah_hujan_mm,10.4,mm,,BD-CUACA
2026-09-11,1709,suhu_rata_c,26.2,C,,BD-CUACA
2026-09-11,1771,curah_hujan_mm,2.9,mm,,BD-CUACA
2026-09-11,1771,suhu_rata_c,27.7,C,,BD-CUACA
2026-09-12,1708,curah_hujan_mm,0.4,mm,,BD-CUACA
2026-09-12,1708,suhu_rata_c,23.8,C,,BD-CUACA
2026-09-12,1709,curah_hujan_mm,4.1,mm,,BD-CUACA
2026-09-12,1709,suhu_rata_c,26.6,C,,BD-CUACA
2026-09-12,1771,curah_hujan_mm,3.0,mm,,BD-CUACA
2026-09-12,1771,suhu_rata_c,28.0,C,,BD-CUACA
2026-09-13,1708,curah_hujan_mm,0.0,mm,,BD-CUACA
2026-09-13,1708,suhu_rata_c,23.5,C,,BD-CUACA
2026-09-13,1709,curah_hujan_mm,0.0,mm,,BD-CUACA
2026-09-13,1709,suhu_rata_c,26.9,C,,BD-CUACA
2026-09-13,1771,curah_hujan_mm,0.5,mm,,BD-CUACA
2026-09-13,1771,suhu_rata_c,28.6,C,,BD-CUACA
2026-09-14,1708,curah_hujan_mm,0.0,mm,,BD-CUACA
2026-09-14,1708,suhu_rata_c,23.8,C,,BD-CUACA
2026-09-14,1709,curah_hujan_mm,0.0,mm,,BD-CUACA
2026-09-14,1709,suhu_rata_c,27.0,C,,BD-CUACA
2026-09-14,1771,curah_hujan_mm,0.0,mm,,BD-CUACA
2026-09-14,1771,suhu_rata_c,28.2,C,,BD-CUACA
2026-09-15,1708,curah_hujan_mm,1.7,mm,,BD-CUACA
2026-09-15,1708,suhu_rata_c,23.1,C,,BD-CUACA
2026-09-15,1709,curah_hujan_mm,0.0,mm,,BD-CUACA
2026-09-15,1709,suhu_rata_c,26.2,C,,BD-CUACA
2026-09-15,1771,curah_hujan_mm,0.9,mm,,BD-CUACA
2026-09-15,1771,suhu_rata_c,27.9,C,,BD-CUACA
2026-09-16,1708,curah_hujan_mm,7.7,mm,,BD-CUACA
2026-09-16,1708,suhu_rata_c,22.3,C,,BD-CUACA
2026-09-16,1709,curah_hujan_mm,13.0,mm,,BD-CUACA
2026-09-16,1709,suhu_rata_c,26.0,C,,BD-CUACA
2026-09-16,1771,curah_hujan_mm,1.8,mm,,BD-CUACA
2026-09-16,1771,suhu_rata_c,27.7,C,,BD-CUACA
2026-09-17,1708,curah_hujan_mm,2.3,mm,,BD-CUACA
2026-09-17,1708,suhu_rata_c,22.4,C,,BD-CUACA
2026-09-17,1709,curah_hujan_mm,6.1,mm,,BD-CUACA
2026-09-17,1709,suhu_rata_c,25.8,C,,BD-CUACA
2026-09-17,1771,curah_hujan_mm,1.2,mm,,BD-CUACA
2026-09-17,1771,suhu_rata_c,27.7,C,,BD-CUACA
2026-09-18,1708,curah_hujan_mm,11.3,mm,,BD-CUACA
2026-09-18,1708,suhu_rata_c,21.9,C,,BD-CUACA
2026-09-18,1709,curah_hujan_mm,14.3,mm,,BD-CUACA
2026-09-18,1709,suhu_rata_c,25.5,C,,BD-CUACA
2026-09-18,1771,curah_hujan_mm,3.2,mm,,BD-CUACA
2026-09-18,1771,suhu_rata_c,27.4,C,,BD-CUACA
2026-09-19,1708,curah_hujan_mm,15.9,mm,,BD-CUACA
2026-09-19,1708,suhu_rata_c,22.7,C,,BD-CUACA
2026-09-19,1709,curah_hujan_mm,27.4,mm,,BD-CUACA
2026-09-19,1709,suhu_rata_c,25.5,C,,BD-CUACA
2026-09-19,1771,curah_hujan_mm,10.9,mm,,BD-CUACA
2026-09-19,1771,suhu_rata_c,26.9,C,,BD-CUACA
2026-09-20,1708,curah_hujan_mm,5.9,mm,,BD-CUACA
2026-09-20,1708,suhu_rata_c,23.8,C,,BD-CUACA
2026-09-20,1709,curah_hujan_mm,15.0,mm,,BD-CUACA
2026-09-20,1709,suhu_rata_c,26.4,C,,BD-CUACA
2026-09-20,1771,curah_hujan_mm,3.3,mm,,BD-CUACA
2026-09-20,1771,suhu_rata_c,27.4,C,,BD-CUACA
2026-09-21,1708,curah_hujan_mm,4.0,mm,,BD-CUACA
2026-09-21,1708,suhu_rata_c,23.7,C,,BD-CUACA
2026-09-21,1709,curah_hujan_mm,12.5,mm,,BD-CUACA
2026-09-21,1709,suhu_rata_c,26.8,C,,BD-CUACA
2026-09-21,1771,curah_hujan_mm,5.2,mm,,BD-CUACA
2026-09-21,1771,suhu_rata_c,27.6,C,,BD-CUACA
2026-09-22,1708,curah_hujan_mm,24.7,mm,,BD-CUACA
2026-09-22,1708,suhu_rata_c,22.4,C,,BD-CUACA
2026-09-22,1709,curah_hujan_mm,52.1,mm,,BD-CUACA
2026-09-22,1709,suhu_rata_c,24.9,C,,BD-CUACA
2026-09-22,1771,curah_hujan_mm,35.1,mm,,BD-CUACA
2026-09-22,1771,suhu_rata_c,25.9,C,,BD-CUACA
2026-09-23,1708,curah_hujan_mm,13.0,mm,,BD-CUACA
2026-09-23,1708,suhu_rata_c,23.1,C,,BD-CUACA
2026-09-23,1709,curah_hujan_mm,2.4,mm,,BD-CUACA
2026-09-23,1709,suhu_rata_c,26.5,C,,BD-CUACA
2026-09-23,1771,curah_hujan_mm,1.0,mm,,BD-CUACA
2026-09-23,1771,suhu_rata_c,27.2,C,,BD-CUACA
2026-09-24,1708,curah_hujan_mm,2.0,mm,,BD-CUACA
2026-09-24,1708,suhu_rata_c,23.4,C,,BD-CUACA
2026-09-24,1709,curah_hujan_mm,9.4,mm,,BD-CUACA
2026-09-24,1709,suhu_rata_c,26.0,C,,BD-CUACA
2026-09-24,1771,curah_hujan_mm,1.9,mm,,BD-CUACA
2026-09-24,1771,suhu_rata_c,27.5,C,,BD-CUACA
2026-09-25,1708,curah_hujan_mm,4.9,mm,,BD-CUACA
2026-09-25,1708,suhu_rata_c,23.8,C,,BD-CUACA
2026-09-25,1709,curah_hujan_mm,3.8,mm,,BD-CUACA
2026-09-25,1709,suhu_rata_c,26.7,C,,BD-CUACA
2026-09-25,1771,curah_hujan_mm,2.2,mm,,BD-CUACA
2026-09-25,1771,suhu_rata_c,27.8,C,,BD-CUACA
2026-09-26,1708,curah_hujan_mm,4.7,mm,,BD-CUACA
2026-09-26,1708,suhu_rata_c,23.9,C,,BD-CUACA
2026-09-26,1709,curah_hujan_mm,12.1,mm,,BD-CUACA
2026-09-26,1709,suhu_rata_c,26.6,C,,BD-CUACA
2026-09-26,1771,curah_hujan_mm,3.5,mm,,BD-CUACA
2026-09-26,1771,suhu_rata_c,27.9,C,,BD-CUACA
2026-09-27,1708,curah_hujan_mm,12.2,mm,,BD-CUACA
2026-09-27,1708,suhu_rata_c,21.8,C,,BD-CUACA
2026-09-27,1709,curah_hujan_mm,16.6,mm,,BD-CUACA
2026-09-27,1709,suhu_rata_c,24.8,C,,BD-CUACA
2026-09-27,1771,curah_hujan_mm,28.5,mm,,BD-CUACA
2026-09-27,1771,suhu_rata_c,25.3,C,,BD-CUACA
2026-09-28,1708,curah_hujan_mm,5.4,mm,,BD-CUACA
2026-09-28,1708,suhu_rata_c,23.0,C,,BD-CUACA
2026-09-28,1709,curah_hujan_mm,6.6,mm,,BD-CUACA
2026-09-28,1709,suhu_rata_c,25.9,C,,BD-CUACA
2026-09-28,1771,curah_hujan_mm,1.6,mm,,BD-CUACA
2026-09-28,1771,suhu_rata_c,27.5,C,,BD-CUACA
2026-09-29,1708,curah_hujan_mm,0.0,mm,,BD-CUACA
2026-09-29,1708,suhu_rata_c,23.9,C,,BD-CUACA
2026-09-29,1709,curah_hujan_mm,0.0,mm,,BD-CUACA
2026-09-29,1709,suhu_rata_c,27.5,C,,BD-CUACA
2026-09-29,1771,curah_hujan_mm,0.3,mm,,BD-CUACA
2026-09-29,1771,suhu_rata_c,28.4,C,,BD-CUACA
2026-09-30,1708,curah_hujan_mm,0.9,mm,,BD-CUACA
2026-09-30,1708,suhu_rata_c,23.1,C,,BD-CUACA
2026-09-30,1709,curah_hujan_mm,8.7,mm,,BD-CUACA
2026-09-30,1709,suhu_rata_c,25.8,C,,BD-CUACA
2026-09-30,1771,curah_hujan_mm,14.5,mm,,BD-CUACA
2026-09-30,1771,suhu_rata_c,27.2,C,,BD-CUACA
2026-10-01,1708,curah_hujan_mm,4.0,mm,,BD-CUACA
2026-10-01,1708,suhu_rata_c,23.3,C,,BD-CUACA
2026-10-01,1709,curah_hujan_mm,12.6,mm,,BD-CUACA
2026-10-01,1709,suhu_rata_c,26.3,C,,BD-CUACA
2026-10-01,1771,curah_hujan_mm,4.4,mm,,BD-CUACA
2026-10-01,1771,suhu_rata_c,27.6,C,,BD-CUACA
2026-10-02,1708,curah_hujan_mm,6.0,mm,,BD-CUACA
2026-10-02,1708,suhu_rata_c,22.9,C,,BD-CUACA
2026-10-02,1709,curah_hujan_mm,18.5,mm,,BD-CUACA
2026-10-02,1709,suhu_rata_c,25.9,C,,BD-CUACA
2026-10-02,1771,curah_hujan_mm,12.3,mm,,BD-CUACA
2026-10-02,1771,suhu_rata_c,27.4,C,,BD-CUACA
2026-10-03,1708,curah_hujan_mm,12.8,mm,,BD-CUACA
2026-10-03,1708,suhu_rata_c,22.3,C,,BD-CUACA
2026-10-03,1709,curah_hujan_mm,13.4,mm,,BD-CUACA
2026-10-03,1709,suhu_rata_c,25.2,C,,BD-CUACA
2026-10-03,1771,curah_hujan_mm,6.3,mm,,BD-CUACA
2026-10-03,1771,suhu_rata_c,26.6,C,,BD-CUACA
2026-10-04,1708,curah_hujan_mm,23.1,mm,,BD-CUACA
2026-10-04,1708,suhu_rata_c,22.2,C,,BD-CUACA
2026-10-04,1709,curah_hujan_mm,9.8,mm,,BD-CUACA
2026-10-04,1709,suhu_rata_c,25.2,C,,BD-CUACA
2026-10-04,1771,curah_hujan_mm,15.0,mm,,BD-CUACA
2026-10-04,1771,suhu_rata_c,26.1,C,,BD-CUACA
2026-10-05,1708,curah_hujan_mm,0.7,mm,,BD-CUACA
2026-10-05,1708,suhu_rata_c,23.4,C,,BD-CUACA
2026-10-05,1709,curah_hujan_mm,2.1,mm,,BD-CUACA
2026-10-05,1709,suhu_rata_c,26.4,C,,BD-CUACA
2026-10-05,1771,curah_hujan_mm,2.5,mm,,BD-CUACA
2026-10-05,1771,suhu_rata_c,27.6,C,,BD-CUACA
