tanggal,nama_acara,jenis,status
2022-12-25,Hari Raya Natal,hari_raya,pasti
2023-01-01,Tahun Baru 2023,libur_nasional,pasti
2023-03-23,Awal Ramadan 1444 H,awal_ramadan,pasti
2023-04-22,Idul Fitri 1444 H,hari_raya,pasti
2023-06-29,Idul Adha 1444 H,hari_raya,pasti
2023-12-25,Hari Raya Natal,hari_raya,pasti
2024-01-01,Tahun Baru 2024,libur_nasional,pasti
2024-03-12,Awal Ramadan 1445 H,awal_ramadan,pasti
2024-04-10,Idul Fitri 1445 H,hari_raya,pasti
2024-06-17,Idul Adha 1445 H,hari_raya,pasti
2024-12-25,Hari Raya Natal,hari_raya,pasti
2025-01-01,Tahun Baru 2025,libur_nasional,pasti
2025-03-01,Awal Ramadan 1446 H,awal_ramadan,pasti
2025-03-31,Idul Fitri 1446 H,hari_raya,pasti
2025-06-06,Idul Adha 1446 H,hari_raya,pasti
2025-12-25,Hari Raya Natal,hari_raya,pasti
2026-01-01,Tahun Baru 2026,libur_nasional,pasti
2026-02-19,Awal Ramadan 1447 H,awal_ramadan,pasti
2026-03-21,Idul Fitri 1447 H,hari_raya,pasti
2026-05-27,Idul Adha 1447 H,hari_raya,pasti
2026-12-25,Hari Raya Natal,hari_raya,pasti
2027-01-01,Tahun Baru 2027,libur_nasional,pasti
2027-02-08,Awal Ramadan 1448 H,awal_ramadan,perkiraan
2027-03-10,Idul Fitri 1448 H,hari_raya,perkiraan
2027-05-17,Idul Adha 1448 H,hari_raya,perkiraan
2027-12-25,Hari Raya Natal,hari_raya,pasti
