variant_id,variant_sp2kp,satuan_sp2kp,kode_varian,faktor,status,catatan
1,Beras SPHP Bulog,kg,,1,baru,varian SP2KP baru; tentukan padanannya lalu ubah status menjadi setuju
2,Cabai Merah Keriting,kg,,1,baru,varian SP2KP baru; tentukan padanannya lalu ubah status menjadi setuju
3,Ketimun Sedang,kg,,1,baru,varian SP2KP baru; tentukan padanannya lalu ubah status menjadi setuju
4,Kacang Panjang,kg,,1,baru,varian SP2KP baru; tentukan padanannya lalu ubah status menjadi setuju
5,Sawi Hijau,kg,,1,baru,varian SP2KP baru; tentukan padanannya lalu ubah status menjadi setuju
9,Cabai Merah Besar,kg,,1,baru,varian SP2KP baru; tentukan padanannya lalu ubah status menjadi setuju
10,Cabai Rawit Merah,kg,,1,baru,varian SP2KP baru; tentukan padanannya lalu ubah status menjadi setuju
11,Cabai Rawit Hijau,kg,,1,baru,varian SP2KP baru; tentukan padanannya lalu ubah status menjadi setuju
13,Bawang Merah,kg,,1,baru,varian SP2KP baru; tentukan padanannya lalu ubah status menjadi setuju
14,Gula Pasir Curah,kg,,1,baru,varian SP2KP baru; tentukan padanannya lalu ubah status menjadi setuju
15,Gula Pasir Kemasan,kg,,1,baru,varian SP2KP baru; tentukan padanannya lalu ubah status menjadi setuju
16,Minyak Goreng Sawit Curah,lt,,1,baru,varian SP2KP baru; tentukan padanannya lalu ubah status menjadi setuju
17,Minyak Goreng Sawit Kemasan Premium,lt,,1,baru,varian SP2KP baru; tentukan padanannya lalu ubah status menjadi setuju
18,Minyakita,lt,,1,baru,varian SP2KP baru; tentukan padanannya lalu ubah status menjadi setuju
19,Daging Sapi Paha Belakang,kg,,1,baru,varian SP2KP baru; tentukan padanannya lalu ubah status menjadi setuju
20,Ikan Tongkol,kg,,1,baru,varian SP2KP baru; tentukan padanannya lalu ubah status menjadi setuju
21,Daging Sapi Sandung Lamur,kg,,1,baru,varian SP2KP baru; tentukan padanannya lalu ubah status menjadi setuju
22,Daging Sapi Tetelan,kg,,1,baru,varian SP2KP baru; tentukan padanannya lalu ubah status menjadi setuju
23,Ikan Teri,kg,,1,baru,varian SP2KP baru; tentukan padanannya lalu ubah status menjadi setuju
25,Telur Ayam Ras,kg,,1,baru,varian SP2KP baru; tentukan padanannya lalu ubah status menjadi setuju
26,Tepung Terigu,kg,,1,baru,varian SP2KP baru; tentukan padanannya lalu ubah status menjadi setuju
27,Daging Ayam Ras,kg,,1,baru,varian SP2KP baru; tentukan padanannya lalu ubah status menjadi setuju
29,Beras Khusus,kg,,1,baru,varian SP2KP baru; tentukan padanannya lalu ubah status menjadi setuju
31,Susu Kental Manis,370gr,,1,baru,varian SP2KP baru; tentukan padanannya lalu ubah status menjadi setuju
32,Susu Bubuk,400gr,,1,baru,varian SP2KP baru; tentukan padanannya lalu ubah status menjadi setuju
33,Susu Bubuk Balita,400gr,,1,baru,varian SP2KP baru; tentukan padanannya lalu ubah status menjadi setuju
35,Tahu Putih,kg,,1,baru,varian SP2KP baru; tentukan padanannya lalu ubah status menjadi setuju
36,Tempe Bungkus,kg,,1,baru,varian SP2KP baru; tentukan padanannya lalu ubah status menjadi setuju
37,Bawang Bombai,kg,,1,baru,varian SP2KP baru; tentukan padanannya lalu ubah status menjadi setuju
38,Bawang Putih Honan,kg,,1,baru,varian SP2KP baru; tentukan padanannya lalu ubah status menjadi setuju
40,Udang Basah,kg,,1,baru,varian SP2KP baru; tentukan padanannya lalu ubah status menjadi setuju
41,Garam Halus,kg,,1,baru,varian SP2KP baru; tentukan padanannya lalu ubah status menjadi setuju
42,Mie Instan,Bungkus,,1,baru,varian SP2KP baru; tentukan padanannya lalu ubah status menjadi setuju
43,Daging Ayam Kampung,Ekor,,1,baru,varian SP2KP baru; tentukan padanannya lalu ubah status menjadi setuju
44,Telur Ayam Kampung,kg,,1,baru,varian SP2KP baru; tentukan padanannya lalu ubah status menjadi setuju
45,Kacang Tanah,kg,,1,baru,varian SP2KP baru; tentukan padanannya lalu ubah status menjadi setuju
46,Kacang Hijau,kg,,1,baru,varian SP2KP baru; tentukan padanannya lalu ubah status menjadi setuju
47,Ketela Pohon,kg,,1,baru,varian SP2KP baru; tentukan padanannya lalu ubah status menjadi setuju
48,Kedelai Impor,kg,,1,baru,varian SP2KP baru; tentukan padanannya lalu ubah status menjadi setuju
50,Daging Sapi Impor Beku,kg,,1,baru,varian SP2KP baru; tentukan padanannya lalu ubah status menjadi setuju
51,Beras Premium,kg,,1,baru,varian SP2KP baru; tentukan padanannya lalu ubah status menjadi setuju
52,Beras Medium,kg,,1,baru,varian SP2KP baru; tentukan padanannya lalu ubah status menjadi setuju
53,Daging Sapi Paha Depan,kg,,1,baru,varian SP2KP baru; tentukan padanannya lalu ubah status menjadi setuju
54,Pisang Lokal,kg,,1,baru,varian SP2KP baru; tentukan padanannya lalu ubah status menjadi setuju
55,Jeruk Lokal,kg,,1,baru,varian SP2KP baru; tentukan padanannya lalu ubah status menjadi setuju
56,Tomat,kg,,1,baru,varian SP2KP baru; tentukan padanannya lalu ubah status menjadi setuju
57,Kentang Sedang,kg,,1,baru,varian SP2KP baru; tentukan padanannya lalu ubah status menjadi setuju
58,Kangkung,kg,,1,baru,varian SP2KP baru; tentukan padanannya lalu ubah status menjadi setuju
